{"type":"FeatureCollection","licence":"Data © OpenStreetMap contributors, ODbL 1.0. http://osm.org/copyright","features":[{"type":"Feature","properties":{"place_id":306651113,"osm_type":"relation","osm_id":3412368,"place_rank":8,"category":"boundary","type":"administrative","importance":0.46487641213353065,"addresstype":"state","name":"Santiago Rodríguez","display_name":"Santiago Rodríguez, República Dominicana","address":{"state":"Santiago Rodríguez","ISO3166-2-lvl4":"DO-26","country":"República Dominicana","country_code":"do"}},"bbox":[-71.5196747,19.1683860,-71.0720076,19.5698735],"geometry":{"type":"Polygon","coordinates":[[[-71.5196747,19.3203256],[-71.519567,19.3193577],[-71.5193598,19.3179505],[-71.519147,19.3172397],[-71.517073,19.3133965],[-71.5148907,19.311796],[-71.5146679,19.3116326],[-71.512603,19.3114037],[-71.50907,19.3099736],[-71.5057629,19.3087503],[-71.5030191,19.3060241],[-71.5026609,19.3056683],[-71.5041699,19.3043833],[-71.5093891,19.3007152],[-71.5093981,19.3005472],[-71.5094239,19.3004933],[-71.5095968,19.3002965],[-71.5097496,19.3000847],[-71.5098516,19.3000015],[-71.5099933,19.2998142],[-71.5101107,19.2996127],[-71.5101627,19.2993722],[-71.510133,19.2991128],[-71.5100819,19.298874],[-71.510039,19.2986954],[-71.5099805,19.2984625],[-71.5099364,19.2981818],[-71.5099286,19.2980134],[-71.5099474,19.2978087],[-71.5099946,19.2976027],[-71.5100943,19.2973814],[-71.5101333,19.2971169],[-71.5100506,19.2968296],[-71.5099651,19.2965916],[-71.5099528,19.2965572],[-71.5099329,19.2962911],[-71.509999,19.2960677],[-71.5100299,19.2960347],[-71.5101408,19.2959158],[-71.5102647,19.2958015],[-71.5103991,19.2957055],[-71.5104732,19.2955645],[-71.5105169,19.2954054],[-71.5105863,19.2952046],[-71.5106361,19.294993],[-71.5106689,19.294838],[-71.5108026,19.2947078],[-71.5110069,19.2945746],[-71.5111403,19.2943745],[-71.5112081,19.2942591],[-71.5112432,19.2940579],[-71.5112978,19.29384],[-71.5112319,19.2936602],[-71.5110355,19.2935129],[-71.5109622,19.2934303],[-71.5108057,19.2932725],[-71.5106401,19.2931643],[-71.510443,19.2930171],[-71.5102759,19.2928794],[-71.5100618,19.2928285],[-71.5100607,19.2928282],[-71.5098273,19.2927054],[-71.5098229,19.2925722],[-71.5099184,19.2924771],[-71.5100342,19.2924298],[-71.5100866,19.2924084],[-71.5102775,19.2923369],[-71.5104596,19.2922941],[-71.5106934,19.292269],[-71.5108663,19.2922444],[-71.5110586,19.2922001],[-71.5112182,19.29209],[-71.5113857,19.2919939],[-71.5113414,19.2918672],[-71.511237,19.2917731],[-71.5110715,19.291672],[-71.5108144,19.2916076],[-71.510527,19.2915391],[-71.510455,19.291512],[-71.5102842,19.2913088],[-71.5101896,19.2911338],[-71.5100656,19.2909043],[-71.5100641,19.2905488],[-71.5100655,19.2902891],[-71.510033,19.2899826],[-71.5099866,19.2894995],[-71.5099802,19.2892861],[-71.5099479,19.2890444],[-71.5099377,19.2889483],[-71.5098472,19.288807],[-71.5095335,19.2885522],[-71.5093288,19.28842],[-71.5091137,19.288234],[-71.5088647,19.2879573],[-71.5086342,19.2877168],[-71.5083717,19.2875102],[-71.5080277,19.2873735],[-71.5078131,19.2872046],[-71.507703,19.2869235],[-71.5076453,19.2866141],[-71.5076012,19.2863812],[-71.5075617,19.2861665],[-71.5074095,19.2859742],[-71.5073976,19.2859561],[-71.5073136,19.2858286],[-71.5071416,19.2857441],[-71.5070134,19.2856387],[-71.5067933,19.2854967],[-71.5067642,19.2853308],[-71.5068666,19.2851711],[-71.5069807,19.2850702],[-71.507349,19.2851499],[-71.5077916,19.2850714],[-71.5081376,19.2850638],[-71.5083951,19.285079],[-71.5086445,19.2851119],[-71.5088725,19.2851752],[-71.5089959,19.2851778],[-71.5090522,19.2851575],[-71.5091032,19.2850714],[-71.5090925,19.2849702],[-71.508953,19.2847955],[-71.508835,19.2845069],[-71.5087706,19.2843853],[-71.5086284,19.2842334],[-71.5084997,19.2841296],[-71.5084353,19.2840739],[-71.5084112,19.2840081],[-71.5084273,19.2839068],[-71.5085185,19.2837676],[-71.5086338,19.2837195],[-71.5087625,19.2837524],[-71.5088698,19.2838106],[-71.5089637,19.2838208],[-71.5091407,19.2838005],[-71.5092587,19.2838182],[-71.5094572,19.2839499],[-71.5095672,19.2841094],[-71.5096477,19.2841777],[-71.509755,19.2841676],[-71.5098113,19.2840967],[-71.5098381,19.2838891],[-71.5098381,19.283641],[-71.5098596,19.2834537],[-71.5098381,19.2833144],[-71.5097952,19.2831321],[-71.5097281,19.283041],[-71.5096128,19.2829828],[-71.5094706,19.2829625],[-71.509358,19.2829195],[-71.509248,19.2828309],[-71.5092078,19.2827296],[-71.5092051,19.2826309],[-71.509248,19.2825296],[-71.5093741,19.2824055],[-71.5094385,19.2822764],[-71.5094572,19.2821524],[-71.5094116,19.2819321],[-71.5092936,19.2817346],[-71.5091944,19.281608],[-71.5090683,19.2815169],[-71.5089664,19.2814055],[-71.5088886,19.2812612],[-71.5088564,19.2811371],[-71.5088537,19.2809903],[-71.5088993,19.2807649],[-71.5089315,19.2805649],[-71.5089208,19.2804409],[-71.5088376,19.280294],[-71.5087572,19.2800864],[-71.5086821,19.2799396],[-71.508674,19.2798079],[-71.508725,19.2796991],[-71.5088081,19.2795953],[-71.5089905,19.279532],[-71.5091434,19.2795143],[-71.5093365,19.2794813],[-71.5095431,19.2794788],[-71.5096691,19.2794839],[-71.509881,19.2794535],[-71.5100929,19.2794763],[-71.5102753,19.2795244],[-71.5104416,19.2796105],[-71.5105543,19.2796408],[-71.5106803,19.2796687],[-71.5108332,19.279651],[-71.5109807,19.2795877],[-71.5110719,19.2794611],[-71.511308,19.2791902],[-71.5114555,19.2790763],[-71.511552,19.27898],[-71.5116057,19.2788256],[-71.511603,19.2786939],[-71.5115681,19.2784889],[-71.5115762,19.2783775],[-71.5116191,19.2782686],[-71.5116969,19.2781876],[-71.5118203,19.2780534],[-71.5119624,19.2779521],[-71.5120724,19.2778787],[-71.5121555,19.2778103],[-71.512295,19.2776205],[-71.5124479,19.2774711],[-71.5125766,19.2772863],[-71.5127295,19.2770457],[-71.51281,19.2769571],[-71.5129548,19.2768913],[-71.5130809,19.2768812],[-71.5132847,19.2769293],[-71.5134296,19.2769723],[-71.5135208,19.2769774],[-71.513612,19.2769191],[-71.5136334,19.2768204],[-71.5135691,19.2766457],[-71.5134859,19.2765368],[-71.5134886,19.276428],[-71.5135556,19.2763596],[-71.5136924,19.2762482],[-71.5137917,19.2761343],[-71.5139741,19.2758836],[-71.5140545,19.2757798],[-71.5142208,19.2757494],[-71.5144488,19.2758001],[-71.5146393,19.2758634],[-71.5147492,19.2758583],[-71.514886,19.2757798],[-71.5150496,19.2756051],[-71.515114,19.2754785],[-71.5151489,19.2752456],[-71.5151489,19.2751469],[-71.5151462,19.2749418],[-71.5151462,19.2748582],[-71.515165,19.2747721],[-71.5152168,19.2747342],[-71.5152723,19.2746937],[-71.5154761,19.2746785],[-71.5160018,19.2747924],[-71.5163559,19.2748506],[-71.5164819,19.2748202],[-71.5165088,19.2747544],[-71.5165007,19.2746633],[-71.51627,19.274405],[-71.5160877,19.2741164],[-71.5159696,19.2738278],[-71.5158758,19.2735746],[-71.5156988,19.2732884],[-71.5154552,19.273027],[-71.5153165,19.2728465],[-71.5152158,19.2729614],[-71.5151286,19.2730574],[-71.5147788,19.2734421],[-71.5146406,19.2735942],[-71.5134764,19.2739573],[-71.5122717,19.2739793],[-71.5119203,19.2740017],[-71.5118279,19.2740076],[-71.5115817,19.274003],[-71.5113453,19.2739985],[-71.5107115,19.2737881],[-71.5096006,19.2749886],[-71.5090402,19.2745132],[-71.5078149,19.274004],[-71.5067378,19.2738607],[-71.5057012,19.2737688],[-71.5049674,19.2733567],[-71.5045431,19.272999],[-71.5039373,19.2723413],[-71.5031025,19.2722534],[-71.5027773,19.2728991],[-71.5027878,19.2734633],[-71.5027881,19.2734814],[-71.5027375,19.2736649],[-71.5026211,19.2741],[-71.5021236,19.27417],[-71.502097,19.2741569],[-71.5020036,19.2741107],[-71.5016382,19.2739238],[-71.5011816,19.2735169],[-71.5011686,19.2734991],[-71.5010251,19.2732978],[-71.500907,19.2731324],[-71.5009029,19.2731189],[-71.500899,19.2731077],[-71.5005842,19.272105],[-71.5000061,19.2718217],[-71.4986734,19.271779],[-71.4983568,19.2712144],[-71.4980803,19.2698275],[-71.497858,19.2693767],[-71.4975289,19.2689936],[-71.4974985,19.2689582],[-71.497395,19.2682831],[-71.4968747,19.2678031],[-71.4968201,19.2672725],[-71.496858,19.2666963],[-71.4971763,19.2661605],[-71.4978675,19.2656196],[-71.4986588,19.2655203],[-71.4996439,19.2659053],[-71.5000142,19.2657231],[-71.499396,19.2649345],[-71.4987839,19.2645443],[-71.4978514,19.264557],[-71.4971927,19.2641675],[-71.497178,19.2639675],[-71.497105,19.2639254],[-71.49697,19.2637533],[-71.4969931,19.2634621],[-71.4970135,19.2630859],[-71.4970421,19.262759],[-71.4972338,19.262451],[-71.4974227,19.2622143],[-71.4975726,19.2621454],[-71.4978459,19.2620904],[-71.4981067,19.2620457],[-71.4985437,19.2619585],[-71.4987692,19.2618978],[-71.4988749,19.2617637],[-71.4989642,19.261445],[-71.4990186,19.2610964],[-71.4991277,19.260939],[-71.4991879,19.26087],[-71.4991444,19.2606424],[-71.4991019,19.2601457],[-71.499015,19.2600561],[-71.498966,19.2599328],[-71.4989047,19.2597],[-71.4989713,19.2594704],[-71.4991214,19.2592884],[-71.4992386,19.2590443],[-71.4992405,19.2588183],[-71.4991922,19.2585853],[-71.499212,19.2584188],[-71.4993572,19.2582643],[-71.4996395,19.2581234],[-71.4999678,19.2578886],[-71.4999913,19.2577447],[-71.4994164,19.2570516],[-71.4988096,19.2570156],[-71.498157,19.2570245],[-71.4977793,19.2567197],[-71.4974436,19.2561043],[-71.4969207,19.2554472],[-71.4963999,19.2549229],[-71.4966243,19.2543441],[-71.4973568,19.2534485],[-71.4979054,19.2527324],[-71.4982656,19.2518861],[-71.4976509,19.2513188],[-71.4969064,19.2514175],[-71.4962584,19.2517364],[-71.4956131,19.2522323],[-71.495062,19.2523079],[-71.4948955,19.2523307],[-71.4944024,19.2523374],[-71.493566,19.2525259],[-71.4931078,19.2530636],[-71.4927429,19.2536],[-71.4924327,19.2537526],[-71.4925684,19.2540948],[-71.4929214,19.2542589],[-71.4931188,19.2544418],[-71.4932369,19.2546571],[-71.4933464,19.2548104],[-71.4932522,19.2551301],[-71.492979,19.255302],[-71.4927131,19.2554116],[-71.4924715,19.2556619],[-71.4922575,19.2559026],[-71.4921506,19.2561419],[-71.4920186,19.2564231],[-71.4919432,19.2566388],[-71.4916907,19.2568066],[-71.4915671,19.2568434],[-71.4913698,19.2567679],[-71.4912327,19.2566364],[-71.4911673,19.2564371],[-71.4912103,19.2560637],[-71.491263,19.2556841],[-71.491376,19.25536],[-71.4915091,19.2550105],[-71.4915184,19.2547581],[-71.4914343,19.2545687],[-71.4913843,19.2545536],[-71.4912685,19.2547715],[-71.490763,19.2552655],[-71.4903022,19.2556261],[-71.4898826,19.2556318],[-71.4896901,19.2552358],[-71.4896814,19.2546602],[-71.4892545,19.2541789],[-71.4888816,19.254184],[-71.4883735,19.2545009],[-71.4881484,19.2550354],[-71.4884368,19.2556072],[-71.488549,19.2559608],[-71.4886326,19.2562245],[-71.4884981,19.2565806],[-71.4878914,19.2565446],[-71.4873759,19.2563744],[-71.4872327,19.256155],[-71.4868064,19.2557179],[-71.4864328,19.2556787],[-71.4860605,19.2557281],[-71.4855431,19.2554251],[-71.4854458,19.2551607],[-71.4856243,19.2546269],[-71.4856603,19.2544941],[-71.4856975,19.2543566],[-71.4856525,19.2539861],[-71.4856556,19.2539752],[-71.4853745,19.2535232],[-71.4848124,19.2533537],[-71.4841604,19.2534068],[-71.4836969,19.2535902],[-71.4836215,19.2536364],[-71.4835482,19.2536813],[-71.4834431,19.2538481],[-71.4833331,19.2538131],[-71.4833273,19.2538167],[-71.4829117,19.254088],[-71.4828731,19.25462],[-71.4825987,19.254978],[-71.4821345,19.2551171],[-71.4816637,19.2548135],[-71.4814732,19.2545504],[-71.4809024,19.2538053],[-71.4802917,19.2535036],[-71.4799214,19.2536858],[-71.4796484,19.2541323],[-71.4795518,19.2541798],[-71.4795506,19.254238],[-71.4795694,19.2545322],[-71.4794934,19.2547658],[-71.4793337,19.2548738],[-71.4791985,19.2550303],[-71.4790695,19.2551497],[-71.4789128,19.2551915],[-71.4788406,19.255136],[-71.478809,19.2549281],[-71.4787418,19.2546506],[-71.4787561,19.2545301],[-71.4788568,19.2543102],[-71.478899,19.2540819],[-71.4787805,19.2539227],[-71.4782931,19.2539293],[-71.477781,19.2539805],[-71.4777428,19.2538545],[-71.477709,19.2540065],[-71.4775531,19.2542586],[-71.4774172,19.2544493],[-71.4772559,19.2544077],[-71.4771146,19.2541988],[-71.4768819,19.2540229],[-71.4766903,19.253977],[-71.476446,19.2539356],[-71.4761161,19.253899],[-71.475906,19.2538644],[-71.4758582,19.2538594],[-71.4759655,19.2541822],[-71.4763458,19.2546642],[-71.4763977,19.2550178],[-71.4759322,19.2550684],[-71.4754194,19.2550753],[-71.4751343,19.2547249],[-71.4750426,19.2546523],[-71.4750346,19.2547212],[-71.4750476,19.2549143],[-71.474978,19.2551408],[-71.4747015,19.2550902],[-71.4744979,19.2550011],[-71.474171,19.2548421],[-71.474137,19.2548272],[-71.473829,19.2547151],[-71.4736427,19.2545832],[-71.4735725,19.2545389],[-71.4735466,19.2545693],[-71.4728473,19.2545787],[-71.4724277,19.2545844],[-71.4720022,19.2541916],[-71.4715853,19.2543744],[-71.4714527,19.2548633],[-71.4711803,19.2553541],[-71.470812,19.2556691],[-71.4702985,19.2556317],[-71.4698316,19.2553451],[-71.4698151,19.2552575],[-71.4692692,19.2545326],[-71.4686162,19.2538347],[-71.4684403,19.2535353],[-71.4681835,19.2536821],[-71.4680292,19.2538787],[-71.4677956,19.2539118],[-71.4673661,19.2538257],[-71.4669499,19.2537002],[-71.4665198,19.2535748],[-71.4658927,19.2532028],[-71.4654796,19.2528295],[-71.4646853,19.2520342],[-71.4646818,19.2520252],[-71.4643338,19.2512623],[-71.4643067,19.2512039],[-71.4642074,19.2509818],[-71.4639044,19.2503921],[-71.4632179,19.2494982],[-71.4623478,19.2490155],[-71.4623236,19.2490023],[-71.4613595,19.2488008],[-71.4613467,19.2487987],[-71.4603979,19.2489943],[-71.4597653,19.2494928],[-71.4586212,19.2500929],[-71.458076,19.2502289],[-71.4570798,19.2501565],[-71.456449,19.2499121],[-71.456433,19.249892],[-71.4559828,19.2493043],[-71.4559051,19.2489369],[-71.4558751,19.2487955],[-71.4551415,19.2480264],[-71.4543068,19.247936],[-71.4535942,19.2475437],[-71.4530954,19.2472705],[-71.452816,19.2468859],[-71.4525435,19.2465102],[-71.4522964,19.2461388],[-71.4518973,19.245539],[-71.4514666,19.2450662],[-71.4508541,19.2445506],[-71.4502887,19.2442037],[-71.4489427,19.2435376],[-71.4484514,19.2431785],[-71.4478322,19.2424169],[-71.4474351,19.2417494],[-71.4471061,19.2412932],[-71.446922,19.2410089],[-71.446496,19.2406918],[-71.4460151,19.240574],[-71.4447903,19.2405181],[-71.4443124,19.2406216],[-71.4432356,19.2412253],[-71.4428722,19.2416929],[-71.4423198,19.2421654],[-71.4419756,19.2422174],[-71.4414433,19.2422697],[-71.4411158,19.2420821],[-71.4408904,19.2419519],[-71.440682,19.2415122],[-71.4405716,19.2412789],[-71.4405032,19.2411353],[-71.4403321,19.2407696],[-71.4402231,19.2405904],[-71.4401634,19.2404918],[-71.44004,19.2403106],[-71.4399312,19.2401518],[-71.4394735,19.2397312],[-71.4376838,19.2399911],[-71.4376767,19.2399922],[-71.4363171,19.2411369],[-71.4357113,19.2416168],[-71.435146,19.2422452],[-71.4346076,19.2426927],[-71.4338133,19.2432745],[-71.4331445,19.244042],[-71.4328783,19.2434111],[-71.4321833,19.2425511],[-71.4315121,19.2417743],[-71.4307562,19.2406509],[-71.4298832,19.2393847],[-71.4292672,19.2387268],[-71.4289592,19.238399],[-71.4275951,19.2379249],[-71.4269763,19.2377096],[-71.4269548,19.2377031],[-71.4269082,19.2376857],[-71.4242273,19.2375993],[-71.4223292,19.2373693],[-71.42228,19.2373632],[-71.4208656,19.2372464],[-71.4205221,19.2371065],[-71.4197588,19.2366289],[-71.4188939,19.2360669],[-71.4183421,19.2357084],[-71.4171591,19.2349564],[-71.4162488,19.2336408],[-71.415992,19.2331881],[-71.415737,19.2327399],[-71.4157342,19.2325436],[-71.4156862,19.2316298],[-71.4154411,19.2313418],[-71.4149261,19.2308677],[-71.4135131,19.2300103],[-71.4129121,19.2295531],[-71.4119451,19.2280283],[-71.41162,19.2273281],[-71.4115221,19.2270924],[-71.4102561,19.2262782],[-71.4094271,19.2249118],[-71.4083631,19.2236615],[-71.4065851,19.2214903],[-71.405989,19.2208727],[-71.405022,19.2199462],[-71.4043,19.2193257],[-71.403208,19.2182969],[-71.401934,19.2177831],[-71.400438,19.2176243],[-71.3987371,19.2175495],[-71.398349,19.217532],[-71.397251,19.2175261],[-71.396246,19.2179637],[-71.395523,19.2181448],[-71.394855,19.217869],[-71.393698,19.2176787],[-71.3928069,19.2170333],[-71.3921759,19.2161971],[-71.3913238,19.2156731],[-71.3905138,19.2159321],[-71.3895518,19.2163307],[-71.3872899,19.2163941],[-71.3861369,19.2160659],[-71.3847908,19.2158712],[-71.3835188,19.2152782],[-71.3825548,19.2142295],[-71.3819548,19.2130113],[-71.3812178,19.2121494],[-71.3797878,19.2103888],[-71.3789128,19.2091832],[-71.3779508,19.2080555],[-71.3757758,19.2072776],[-71.3750791,19.207018],[-71.3726187,19.2060948],[-71.3719678,19.2059587],[-71.3703767,19.2054374],[-71.3692756,19.2047676],[-71.3678896,19.2037107],[-71.3666976,19.2025159],[-71.3658337,19.2016714],[-71.3648067,19.2006212],[-71.3643826,19.1991455],[-71.3640346,19.1979939],[-71.3631987,19.1961668],[-71.3627527,19.1947095],[-71.3623516,19.1931748],[-71.3623867,19.1919122],[-71.3625056,19.1906914],[-71.3621265,19.1900522],[-71.3620816,19.1899766],[-71.3611807,19.189715],[-71.3600186,19.1897255],[-71.3582556,19.1900823],[-71.3569356,19.1904493],[-71.3556946,19.191041],[-71.3545146,19.1916748],[-71.3533786,19.1922674],[-71.3519576,19.1924933],[-71.3509296,19.1922265],[-71.3500555,19.1917613],[-71.3492685,19.1912002],[-71.3483386,19.1904557],[-71.3479058,19.190256],[-71.3476735,19.1901488],[-71.3474625,19.1900515],[-71.3473751,19.1900492],[-71.3464076,19.1900243],[-71.3457056,19.1902094],[-71.3447135,19.1909266],[-71.3438435,19.1918273],[-71.3432424,19.1921737],[-71.3424935,19.1925152],[-71.3416164,19.1929147],[-71.3407674,19.1930543],[-71.3397795,19.1928885],[-71.3388634,19.1924035],[-71.3378834,19.1919576],[-71.3370295,19.191535],[-71.3361183,19.1908692],[-71.3349144,19.1900965],[-71.3338324,19.1895278],[-71.3329893,19.1887031],[-71.3321905,19.1878214],[-71.3311244,19.1874127],[-71.3299294,19.1870824],[-71.3288023,19.1866113],[-71.3278214,19.1862061],[-71.3264983,19.1859316],[-71.3257353,19.1852706],[-71.3249403,19.1842263],[-71.3247823,19.1830768],[-71.3244133,19.1819254],[-71.3238774,19.1807061],[-71.3231802,19.1799473],[-71.3223313,19.1793439],[-71.3213683,19.1782971],[-71.3204032,19.1772887],[-71.3192742,19.1761357],[-71.3186582,19.1747548],[-71.3183723,19.1736633],[-71.3179413,19.1724495],[-71.3177874,19.1721315],[-71.3159817,19.1730802],[-71.314001,19.1731052],[-71.3122325,19.1731275],[-71.3102518,19.1731524],[-71.3085541,19.1731738],[-71.3067148,19.1731969],[-71.3057189,19.1728061],[-71.3038797,19.1728292],[-71.3024866,19.1728467],[-71.3023941,19.1728478],[-71.3007029,19.1733396],[-71.2997973,19.1743594],[-71.2987437,19.1749105],[-71.2974005,19.1749945],[-71.2960564,19.1750113],[-71.2945709,19.1750299],[-71.2934455,19.1755146],[-71.2928871,19.1760594],[-71.2917008,19.1762995],[-71.2916986,19.1763015],[-71.2916297,19.1763139],[-71.2897766,19.1766462],[-71.2875885,19.1765064],[-71.2864536,19.1763173],[-71.2850698,19.1757339],[-71.2850584,19.1757589],[-71.2850475,19.1757541],[-71.2836849,19.1751483],[-71.2825169,19.1741964],[-71.281301,19.1731503],[-71.2807419,19.1724211],[-71.2797139,19.1716436],[-71.2784629,19.1713001],[-71.2775209,19.1711402],[-71.276454,19.1707064],[-71.2745239,19.1697233],[-71.2732759,19.1697229],[-71.2725819,19.1697857],[-71.2716889,19.1697245],[-71.2698728,19.1691554],[-71.2687589,19.1686634],[-71.2674489,19.168386],[-71.2664769,19.1683867],[-71.2653898,19.1685763],[-71.2649071,19.1687222],[-71.2645408,19.1688329],[-71.2637238,19.1692449],[-71.2632367,19.1695377],[-71.2625477,19.1702665],[-71.2620048,19.1706615],[-71.2614729,19.1709165],[-71.2610687,19.170883],[-71.2602769,19.1704502],[-71.2591397,19.1699201],[-71.2577737,19.1694446],[-71.2567328,19.1693897],[-71.2554767,19.1698725],[-71.2540987,19.1707227],[-71.2528627,19.1714852],[-71.2515916,19.1723702],[-71.2481596,19.1721097],[-71.2468387,19.1724375],[-71.2459675,19.1722426],[-71.2448245,19.1720263],[-71.2440736,19.1719203],[-71.2429526,19.1714621],[-71.2417717,19.1712011],[-71.2398356,19.1713173],[-71.2385663,19.1719018],[-71.2383977,19.1719784],[-71.2372285,19.1727016],[-71.2353824,19.1734286],[-71.2335604,19.1736744],[-71.2325149,19.1739942],[-71.2324277,19.1740201],[-71.2315365,19.1738232],[-71.2298786,19.1736808],[-71.2283966,19.1734752],[-71.2275396,19.173804],[-71.2254035,19.1744644],[-71.2239799,19.1752291],[-71.2237534,19.1753493],[-71.2221614,19.1762989],[-71.2194325,19.17719],[-71.2170493,19.177991],[-71.2181224,19.1805974],[-71.2189924,19.1829217],[-71.2192939,19.1846601],[-71.2196637,19.1858333],[-71.2200381,19.1873429],[-71.2202272,19.1882378],[-71.2200069,19.1894181],[-71.2194938,19.1907702],[-71.2187939,19.1913955],[-71.2183921,19.1922416],[-71.2184019,19.1929705],[-71.2185319,19.1938662],[-71.2190721,19.1945325],[-71.2195585,19.1955921],[-71.2198043,19.1963182],[-71.2196983,19.1972167],[-71.2199449,19.1979988],[-71.2203088,19.1987234],[-71.2209708,19.1996687],[-71.2211591,19.2005076],[-71.2214663,19.2014011],[-71.2216539,19.202184],[-71.2222636,19.2036346],[-71.2227463,19.2044138],[-71.2235741,19.2045159],[-71.2241158,19.2052945],[-71.223894,19.2063626],[-71.2239069,19.2073158],[-71.2245076,19.2080936],[-71.2253429,19.2087564],[-71.226829,19.2095234],[-71.2275395,19.209683],[-71.2283143,19.2102344],[-71.2289718,19.2108432],[-71.2293918,19.2113428],[-71.2298163,19.2121788],[-71.2298261,19.2129077],[-71.2298277,19.2130261],[-71.2298389,19.2138609],[-71.2294939,19.214538],[-71.2289007,19.2143209],[-71.2281281,19.2139377],[-71.2276499,19.2134949],[-71.2273644,19.2134568],[-71.2268811,19.2133921],[-71.2262356,19.2136804],[-71.2264255,19.2146314],[-71.226617,19.2156945],[-71.2274553,19.2165816],[-71.2280524,19.217079],[-71.2281242,19.2180315],[-71.2277247,19.2190457],[-71.2274999,19.2198896],[-71.2279191,19.2203331],[-71.2288037,19.2202663],[-71.2294038,19.220988],[-71.2296573,19.2222747],[-71.2302052,19.2235017],[-71.2302748,19.224286],[-71.2298102,19.2248524],[-71.2293417,19.2251385],[-71.2295309,19.2260334],[-71.2297156,19.226592],[-71.2294863,19.2270995],[-71.2291987,19.2276637],[-71.2293669,19.2280637],[-71.2295037,19.228389],[-71.2295748,19.2292854],[-71.2289411,19.2297351],[-71.2289316,19.2297418],[-71.2280515,19.2301451],[-71.2272251,19.2301552],[-71.2268762,19.230552],[-71.2269405,19.2309437],[-71.2274756,19.2312176],[-71.2284813,19.2313736],[-71.2292487,19.2313642],[-71.2301931,19.2313527],[-71.2309605,19.2313434],[-71.2316098,19.2313355],[-71.2323249,19.2318314],[-71.2327464,19.2324432],[-71.2327563,19.233172],[-71.2331733,19.2334473],[-71.2339944,19.2330448],[-71.2345256,19.2330383],[-71.2344622,19.2338031],[-71.2346035,19.2344323],[-71.234838,19.2353967],[-71.2351456,19.2352247],[-71.2351825,19.2346775],[-71.2354878,19.2343373],[-71.235842,19.234333],[-71.2363783,19.234705],[-71.2369119,19.2348667],[-71.2372713,19.2351994],[-71.23745,19.2353648],[-71.2374562,19.2358274],[-71.2372736,19.2360649],[-71.2371952,19.236167],[-71.2367088,19.236215],[-71.2360033,19.2364339],[-71.2359664,19.2369812],[-71.236172,19.2373595],[-71.2362843,19.2375661],[-71.2362286,19.2381391],[-71.2362065,19.2383661],[-71.2354148,19.2387543],[-71.2347513,19.2388045],[-71.2347115,19.2391414],[-71.2347661,19.2398978],[-71.2359739,19.2408083],[-71.2368605,19.2408816],[-71.23687,19.2415828],[-71.2368714,19.2416806],[-71.2370196,19.2428143],[-71.2370753,19.2436548],[-71.2379261,19.2443594],[-71.2390864,19.2450181],[-71.2396557,19.2445485],[-71.2397782,19.24379],[-71.2403498,19.2434886],[-71.241678,19.2434723],[-71.2424306,19.2434631],[-71.2428682,19.2430792],[-71.2435755,19.2429864],[-71.2443701,19.2428084],[-71.2456103,19.2428353],[-71.2459299,19.2435463],[-71.2466395,19.2436217],[-71.2474898,19.2442842],[-71.2478106,19.2450793],[-71.2484753,19.2451132],[-71.2496293,19.2453093],[-71.2499903,19.2458096],[-71.2507159,19.2470624],[-71.2501513,19.2478684],[-71.2498471,19.2482927],[-71.2498562,19.2489656],[-71.2503513,19.2495483],[-71.2511965,19.2498323],[-71.2515179,19.2506695],[-71.2516157,19.2513412],[-71.2516657,19.2517611],[-71.2521119,19.252008],[-71.252818,19.2518311],[-71.2531756,19.252079],[-71.2531825,19.2525836],[-71.2528824,19.2533023],[-71.2530215,19.2537632],[-71.2537374,19.2543011],[-71.2541416,19.2547167],[-71.254194,19.2553049],[-71.2541589,19.2559782],[-71.2545631,19.2563938],[-71.2548299,19.2564746],[-71.2556723,19.2565484],[-71.2562502,19.2567095],[-71.2562588,19.2573402],[-71.2560915,19.2580573],[-71.2563204,19.2586012],[-71.2565576,19.2593704],[-71.2567897,19.2597401],[-71.2574468,19.2601294],[-71.2580256,19.2606619],[-71.2581288,19.2613606],[-71.2579405,19.2615487],[-71.2577488,19.2617401],[-71.2572797,19.2624255],[-71.2567846,19.2630345],[-71.2559268,19.2631987],[-71.2558138,19.2638074],[-71.2557167,19.2643528],[-71.2556714,19.2645024],[-71.2556693,19.2645033],[-71.2555748,19.264822],[-71.2553606,19.2651543],[-71.2550346,19.2653728],[-71.2546151,19.2653795],[-71.2546131,19.2653796],[-71.2544216,19.2653826],[-71.2543448,19.2647649],[-71.2529796,19.2641924],[-71.2524157,19.2646826],[-71.2520379,19.2647414],[-71.2513547,19.2642531],[-71.2509357,19.2631902],[-71.2505657,19.2626257],[-71.2501537,19.2624457],[-71.2492818,19.2627319],[-71.2484466,19.2632976],[-71.2478947,19.2636453],[-71.2474678,19.2635671],[-71.2464096,19.2635597],[-71.2456695,19.2643207],[-71.2453724,19.2646766],[-71.2450756,19.2650325],[-71.2443968,19.2657499],[-71.2440808,19.2665305],[-71.2440841,19.2668525],[-71.2440771,19.2668603],[-71.2440855,19.2669911],[-71.2444838,19.2672933],[-71.2446965,19.2677039],[-71.2452746,19.2685774],[-71.2452676,19.2692007],[-71.2450816,19.2700339],[-71.2448606,19.2706282],[-71.2451046,19.2711987],[-71.2451256,19.2715778],[-71.2448946,19.2727345],[-71.2454317,19.2728882],[-71.2465778,19.2729509],[-71.2466816,19.2740493],[-71.2465886,19.2746578],[-71.2468445,19.2754472],[-71.2473187,19.2763468],[-71.2479106,19.2771005],[-71.2484318,19.2777173],[-71.2489416,19.2781332],[-71.2494467,19.278468],[-71.2497041,19.2789728],[-71.2498266,19.279213],[-71.2494486,19.2796331],[-71.2482625,19.2792322],[-71.2476277,19.2795855],[-71.2476477,19.2803281],[-71.2480497,19.2814522],[-71.2477446,19.2820498],[-71.2472656,19.2814325],[-71.2467399,19.2808293],[-71.2460307,19.2816554],[-71.2462987,19.2822843],[-71.2474096,19.2824897],[-71.2474837,19.2834281],[-71.2479666,19.283745],[-71.2481298,19.2843798],[-71.2485768,19.2851804],[-71.2484696,19.2859088],[-71.2479188,19.2862791],[-71.2469487,19.2870723],[-71.2463946,19.2877633],[-71.2462506,19.288955],[-71.2462927,19.2893113],[-71.2463669,19.289943],[-71.2464127,19.2903326],[-71.2465636,19.2911482],[-71.2462536,19.2920281],[-71.2457997,19.2918485],[-71.2453357,19.2918723],[-71.2448097,19.292301],[-71.2453196,19.2934802],[-71.2458358,19.2939954],[-71.2464536,19.29483],[-71.2465765,19.2958875],[-71.2465747,19.2969917],[-71.2459027,19.2978287],[-71.2451776,19.2973431],[-71.2432086,19.2969405],[-71.2427465,19.2981294],[-71.2427375,19.2983359],[-71.2426727,19.2998193],[-71.2427186,19.3006406],[-71.2434556,19.3009454],[-71.2445676,19.3007895],[-71.2455188,19.30078],[-71.2459927,19.3009368],[-71.2465638,19.3013091],[-71.2467987,19.302101],[-71.2466976,19.3033125],[-71.2466267,19.3039366],[-71.2463588,19.3044344],[-71.2456937,19.3038849],[-71.2449477,19.3037834],[-71.2444126,19.3040497],[-71.2437896,19.3046444],[-71.2434376,19.3059064],[-71.2432686,19.3066582],[-71.2431478,19.3071474],[-71.2427876,19.3075063],[-71.2420825,19.3073817],[-71.2416937,19.3076214],[-71.2413555,19.3080003],[-71.2418277,19.3088797],[-71.2424537,19.309091],[-71.2432765,19.3090673],[-71.2443597,19.3087514],[-71.2445885,19.3094441],[-71.2442406,19.3100241],[-71.2438145,19.3103455],[-71.2436926,19.311196],[-71.2441016,19.3120784],[-71.2450615,19.3122111],[-71.2458096,19.3119738],[-71.2471846,19.3123452],[-71.2473838,19.3132595],[-71.2479657,19.3145755],[-71.2479859,19.3151172],[-71.2480058,19.3156566],[-71.2474316,19.3163682],[-71.2471358,19.3169044],[-71.2470934,19.3172663],[-71.2469535,19.3174811],[-71.2466356,19.3179468],[-71.2464341,19.318455],[-71.2466037,19.3190026],[-71.2467712,19.3193963],[-71.2471219,19.3196339],[-71.2475171,19.319739],[-71.2479805,19.3197552],[-71.2484686,19.3198812],[-71.2488882,19.3200739],[-71.2491688,19.3202683],[-71.2492431,19.3206192],[-71.2492262,19.3210812],[-71.2491859,19.3215214],[-71.2492367,19.3218506],[-71.2494016,19.3220465],[-71.2495685,19.3223962],[-71.2498055,19.3227891],[-71.2500443,19.3233139],[-71.2503142,19.3237073],[-71.2503978,19.3241453],[-71.250452,19.3242511],[-71.2506404,19.3245177],[-71.2509953,19.3246139],[-71.2515239,19.3246074],[-71.2518762,19.324603],[-71.2523189,19.3247648],[-71.2525866,19.3250125],[-71.2527674,19.3253448],[-71.2529505,19.3258444],[-71.2530477,19.3265123],[-71.2530333,19.3266177],[-71.2529677,19.3270988],[-71.2528018,19.3278537],[-71.2526337,19.3284412],[-71.2521132,19.3290332],[-71.2514119,19.3292928],[-71.2504022,19.3292621],[-71.2498137,19.3291103],[-71.2487509,19.3287052],[-71.2482144,19.3281263],[-71.2475028,19.3276332],[-71.2468015,19.3278928],[-71.2461025,19.3283196],[-71.2456678,19.3287432],[-71.2453257,19.3295002],[-71.2447239,19.330595],[-71.2437962,19.3312531],[-71.243764,19.3312759],[-71.2428053,19.3320405],[-71.2421989,19.3328008],[-71.2424689,19.3332157],[-71.2431851,19.3340433],[-71.2439837,19.3344517],[-71.2441546,19.3346324],[-71.2446095,19.3351131],[-71.2449524,19.3353153],[-71.2450051,19.3357569],[-71.2449071,19.3359493],[-71.2445083,19.336241],[-71.2437538,19.3362981],[-71.2429504,19.3364514],[-71.2422972,19.336555],[-71.2418442,19.3365606],[-71.2414382,19.3363266],[-71.2409283,19.3358549],[-71.2404518,19.3354033],[-71.2403143,19.3352729],[-71.2396611,19.3352669],[-71.2393645,19.3356351],[-71.239069,19.3361167],[-71.2386715,19.336504],[-71.2386276,19.3369825],[-71.2385838,19.337461],[-71.238693,19.338081],[-71.2388935,19.3417111],[-71.2388988,19.3420964],[-71.2389046,19.3425235],[-71.2389131,19.3431448],[-71.2387679,19.3435767],[-71.2381154,19.3437281],[-71.2374087,19.3435934],[-71.2368478,19.3430745],[-71.2365882,19.3425042],[-71.2365301,19.3419313],[-71.2364654,19.3408806],[-71.2363053,19.3402134],[-71.2361458,19.339594],[-71.2360831,19.3386866],[-71.2362276,19.3382069],[-71.2361184,19.3375869],[-71.2357086,19.3370662],[-71.2354065,19.3370699],[-71.2350077,19.3373615],[-71.2343598,19.3378474],[-71.2338073,19.3379498],[-71.2330334,19.3378435],[-71.2328489,19.3378182],[-71.2316917,19.3378801],[-71.2310883,19.3379353],[-71.2308392,19.3381296],[-71.2308444,19.3385119],[-71.2311497,19.3387471],[-71.2311732,19.3388011],[-71.2314615,19.3394603],[-71.2320746,19.3401219],[-71.2324322,19.3404999],[-71.2324355,19.3407388],[-71.2322374,19.3409802],[-71.2317888,19.3413203],[-71.2311854,19.3413755],[-71.2305767,19.3410484],[-71.2299132,19.3403874],[-71.2292,19.3397747],[-71.228388,19.3393067],[-71.227529,19.3390782],[-71.2267242,19.3391359],[-71.226322,19.3391029],[-71.2256298,19.3392186],[-71.2248101,19.3394583],[-71.2243088,19.3396558],[-71.2242818,19.3397082],[-71.2238956,19.3398689],[-71.2234134,19.3401826],[-71.2230232,19.3404512],[-71.2226592,19.3409394],[-71.2224558,19.3413157],[-71.2222524,19.341692],[-71.2220975,19.3422216],[-71.2219662,19.3427949],[-71.2219725,19.3432566],[-71.2220729,19.343827],[-71.2221718,19.3442876],[-71.222385,19.3446368],[-71.2227844,19.3450497],[-71.2232037,19.3452205],[-71.2238552,19.3454324],[-71.2242979,19.3456249],[-71.224488,19.3459744],[-71.2244708,19.3464144],[-71.2243122,19.3466802],[-71.2241073,19.3469466],[-71.2241578,19.3472538],[-71.2243693,19.3474711],[-71.224905,19.3476844],[-71.225277,19.3477898],[-71.2256738,19.3480048],[-71.2258398,19.3482887],[-71.2257988,19.348685],[-71.2256857,19.3488842],[-71.225391,19.3490784],[-71.2248391,19.3493783],[-71.2245972,19.3497624],[-71.2246658,19.35026],[-71.2249809,19.3507252],[-71.2254509,19.3512179],[-71.2258275,19.351653],[-71.2261098,19.3519721],[-71.2263941,19.3524377],[-71.2265075,19.3526897],[-71.2266171,19.3529334],[-71.2266235,19.3534024],[-71.2264433,19.3537857],[-71.2262311,19.3540815],[-71.2258954,19.3543788],[-71.2255284,19.3546471],[-71.2251621,19.3549741],[-71.2250221,19.3550986],[-71.2244602,19.3555983],[-71.223972,19.3560441],[-71.2237606,19.3563985],[-71.2238893,19.356778],[-71.2243264,19.3571245],[-71.2248823,19.3571177],[-71.2254691,19.3571105],[-71.2259969,19.3573093],[-71.2267433,19.3576813],[-71.227211,19.3579981],[-71.2275555,19.3583457],[-71.2280869,19.3588083],[-71.2284326,19.3592438],[-71.2286544,19.3596515],[-71.2286607,19.3601205],[-71.2286582,19.3601543],[-71.2286458,19.3603223],[-71.2286085,19.3608248],[-71.228369,19.3613848],[-71.2279719,19.3617121],[-71.2269892,19.3621346],[-71.2261877,19.3622617],[-71.2257245,19.3622673],[-71.2250109,19.3620415],[-71.2243267,19.3616981],[-71.2237981,19.3614407],[-71.2228687,19.3612468],[-71.2224677,19.3613127],[-71.2220982,19.3613735],[-71.2214825,19.3615276],[-71.2212422,19.3620289],[-71.2212485,19.3624979],[-71.221378,19.3629361],[-71.2216334,19.3635487],[-71.2218873,19.364044],[-71.222233,19.3644795],[-71.2225795,19.3649737],[-71.2230487,19.3654077],[-71.2234201,19.3656905],[-71.2235793,19.3658117],[-71.2242335,19.3662141],[-71.224363,19.3666523],[-71.2243076,19.3671221],[-71.2240942,19.3673299],[-71.2233866,19.3675438],[-71.2226445,19.3674942],[-71.2219338,19.3674736],[-71.2214079,19.3674214],[-71.2212873,19.3674229],[-71.2207593,19.3674293],[-71.2202667,19.3675526],[-71.220085,19.3678187],[-71.2200925,19.3683756],[-71.2200989,19.3688446],[-71.2201103,19.368892],[-71.2201971,19.3692539],[-71.2203567,19.369633],[-71.2204242,19.3700972],[-71.2204248,19.3701013],[-71.220369,19.3705418],[-71.2200015,19.3707808],[-71.2197857,19.3708127],[-71.2194452,19.3707582],[-71.2190124,19.3707342],[-71.2189604,19.3707414],[-71.2185499,19.3707985],[-71.21818,19.3708616],[-71.2178747,19.3711292],[-71.2177536,19.3713066],[-71.217573,19.3716606],[-71.2176086,19.372012],[-71.2176756,19.3721451],[-71.2177991,19.3723908],[-71.2179567,19.3726234],[-71.2181448,19.3728264],[-71.2183642,19.3730582],[-71.218523,19.3733788],[-71.2184977,19.3737895],[-71.2182851,19.374056],[-71.2177917,19.3741207],[-71.2172967,19.3740681],[-71.2169236,19.3738967],[-71.2165819,19.3737543],[-71.2162394,19.3735532],[-71.2159322,19.3733029],[-71.215636,19.3727201],[-71.2151787,19.372413],[-71.2145578,19.372186],[-71.2136502,19.3720798],[-71.2136076,19.3720884],[-71.2130341,19.3722045],[-71.2129987,19.3726349],[-71.2129724,19.3728423],[-71.2129242,19.3732222],[-71.2128894,19.3736917],[-71.2128139,19.3742008],[-71.2124084,19.3746748],[-71.2119179,19.3749544],[-71.210393,19.3748948],[-71.2094865,19.3748667],[-71.2089479,19.3746387],[-71.2089462,19.3745082],[-71.208939,19.3739743],[-71.2087288,19.3736641],[-71.2080294,19.3735732],[-71.207678,19.374052],[-71.2074792,19.3743228],[-71.2074695,19.3749268],[-71.2074653,19.3751866],[-71.2074604,19.3754904],[-71.2077733,19.3761775],[-71.2081422,19.3763402],[-71.2091743,19.3766279],[-71.2093285,19.3771025],[-71.2078612,19.3773574],[-71.2077379,19.3773913],[-71.2068813,19.3776267],[-71.2060194,19.3781136],[-71.2051627,19.3792104],[-71.2045984,19.3799327],[-71.2045975,19.3799336],[-71.2039102,19.3805101],[-71.2036143,19.3804493],[-71.203525,19.380431],[-71.2032043,19.3803651],[-71.2026704,19.3795271],[-71.2021364,19.3790526],[-71.2017222,19.3790328],[-71.2013082,19.3790129],[-71.2004613,19.3797593],[-71.1997012,19.3805407],[-71.1992913,19.3804012],[-71.1982933,19.3799707],[-71.1974133,19.3801349],[-71.1962994,19.3810131],[-71.1954574,19.3814794],[-71.1940064,19.3808895],[-71.1932662,19.380142],[-71.1925072,19.3794376],[-71.1919273,19.378905],[-71.1909452,19.3787542],[-71.1907621,19.3800277],[-71.1901661,19.3803374],[-71.1888273,19.3802452],[-71.1881231,19.3801408],[-71.1876542,19.3804648],[-71.1876552,19.381228],[-71.1872431,19.3821926],[-71.1868312,19.3827756],[-71.186312,19.3833238],[-71.1854621,19.3832685],[-71.1848231,19.3829966],[-71.1847036,19.3829457],[-71.183944,19.3826206],[-71.1830762,19.382604],[-71.1824623,19.3833587],[-71.1824139,19.383464],[-71.1819521,19.3844691],[-71.1812942,19.3855653],[-71.180477,19.3864693],[-71.179079,19.3873669],[-71.1787172,19.3875991],[-71.178347,19.3878566],[-71.1777957,19.3882401],[-71.1771271,19.387932],[-71.1765898,19.3874981],[-71.175795,19.3876973],[-71.1751259,19.387326],[-71.1740596,19.3870858],[-71.174053,19.3865824],[-71.1750807,19.3858064],[-71.1751499,19.3857541],[-71.1752324,19.3855388],[-71.1754917,19.3848626],[-71.1754153,19.3841071],[-71.1753295,19.3840223],[-71.17454,19.3832346],[-71.1741961,19.3823558],[-71.1743173,19.3814715],[-71.1743031,19.3804014],[-71.1738255,19.3794609],[-71.1736739,19.379141],[-71.173439,19.379033],[-71.1732927,19.3788872],[-71.1731827,19.3787776],[-71.1731024,19.3785939],[-71.1730791,19.3782988],[-71.1730742,19.3779296],[-71.173026,19.3772286],[-71.1730194,19.3767302],[-71.1730132,19.3762687],[-71.1729483,19.375771],[-71.1727306,19.3754967],[-71.1723766,19.3752055],[-71.1719453,19.3749522],[-71.1712999,19.3747014],[-71.1704983,19.3743971],[-71.169463,19.3740772],[-71.1688381,19.3739],[-71.1685589,19.3737464],[-71.1683277,19.3735884],[-71.1681074,19.3734379],[-71.1678134,19.3732752],[-71.1676802,19.373166],[-71.1674668,19.3729909],[-71.1671048,19.3728031],[-71.1667497,19.372658],[-71.1664449,19.3725682],[-71.1661486,19.3725094],[-71.165853,19.3724974],[-71.165547,19.3724491],[-71.1652314,19.3725522],[-71.1650831,19.3734639],[-71.1649851,19.3735848],[-71.1647638,19.3736506],[-71.1636843,19.3735853],[-71.163641,19.3735827],[-71.1634033,19.3733552],[-71.1630248,19.3725717],[-71.1629806,19.372434],[-71.1627221,19.3716291],[-71.1624545,19.3712755],[-71.1623015,19.3711532],[-71.1620701,19.3709685],[-71.1618524,19.3709485],[-71.1615354,19.3709523],[-71.161112,19.3711854],[-71.1605203,19.3717185],[-71.1604898,19.3717482],[-71.1601121,19.3721095],[-71.1596902,19.3722793],[-71.1593072,19.3722658],[-71.1591304,19.372094],[-71.1588471,19.3722871],[-71.158822,19.3725922],[-71.1588661,19.3726888],[-71.1589029,19.3732235],[-71.158685,19.3741339],[-71.1586041,19.3742297],[-71.1582801,19.3743983],[-71.1578374,19.3744375],[-71.1573897,19.3740408],[-71.1573514,19.3739826],[-71.1572203,19.3736251],[-71.1569427,19.3732806],[-71.1568112,19.3731829],[-71.1564014,19.3731426],[-71.1562731,19.3731983],[-71.1561369,19.3734708],[-71.155831,19.3736845],[-71.1554876,19.3738082],[-71.1538746,19.3738431],[-71.1528749,19.3737511],[-71.1516462,19.3737453],[-71.1513574,19.3739452],[-71.1512715,19.3741991],[-71.1514385,19.3748],[-71.1519343,19.375528],[-71.1523341,19.3762301],[-71.1524171,19.3767101],[-71.1524934,19.3771518],[-71.1524686,19.3772785],[-71.1521352,19.3776437],[-71.1519324,19.3777699],[-71.1517498,19.3779739],[-71.1515034,19.3780852],[-71.1513548,19.3781425],[-71.1511596,19.3782506],[-71.1509599,19.3783109],[-71.1507138,19.3784222],[-71.1504677,19.3785334],[-71.1501707,19.3786476],[-71.1497676,19.3787203],[-71.1495684,19.3787804],[-71.1493693,19.3788406],[-71.1491194,19.3789038],[-71.1489289,19.3790596],[-71.1487891,19.3792123],[-71.1487043,19.3794099],[-71.1486199,19.3796079],[-71.1485399,19.3798087],[-71.148559,19.3800479],[-71.1485764,19.3802862],[-71.1486414,19.380474],[-71.1486589,19.3807124],[-71.1486796,19.3809983],[-71.1487444,19.3811861],[-71.1487535,19.381328],[-71.1488168,19.3815144],[-71.1489329,19.3817442],[-71.148995,19.3819295],[-71.1491081,19.3821119],[-71.1492211,19.3822942],[-71.149385,19.3824736],[-71.149447,19.3826585],[-71.1496107,19.3828377],[-71.1497262,19.3830664],[-71.1498416,19.383295],[-71.1499033,19.3834793],[-71.1500158,19.3836608],[-71.1500801,19.3838476],[-71.1501979,19.3840346],[-71.1502644,19.3842238],[-71.1503824,19.3844111],[-71.1503974,19.3846026],[-71.1504162,19.3848421],[-71.150435,19.3850816],[-71.150463,19.3853322],[-71.1504372,19.3855392],[-71.1504008,19.3857337],[-71.150312,19.3859292],[-71.1502146,19.3860679],[-71.1501726,19.3861277],[-71.1499762,19.3862345],[-71.1497323,19.3863916],[-71.1494854,19.3865014],[-71.1491847,19.3865669],[-71.1489818,19.3865785],[-71.1486741,19.3865897],[-71.1484181,19.386599],[-71.1481606,19.3865638],[-71.1478503,19.3864861],[-71.1475422,19.3864529],[-71.1472833,19.3863739],[-71.1471285,19.3863354],[-71.1469206,19.3862546],[-71.1467635,19.3861717],[-71.1466429,19.3860997],[-71.1465531,19.3860462],[-71.1465414,19.3860406],[-71.1465398,19.3860399],[-71.1462917,19.3859226],[-71.1456312,19.3858562],[-71.1452618,19.3858851],[-71.1449897,19.3858602],[-71.1447322,19.3857812],[-71.1445265,19.3857472],[-71.1443816,19.3856081],[-71.1441314,19.385477],[-71.1439739,19.3854894],[-71.1438088,19.3856028],[-71.1435881,19.3857704],[-71.1433767,19.3859339],[-71.1432289,19.3860885],[-71.1429866,19.38615],[-71.1427442,19.3862115],[-71.1425541,19.3862689],[-71.142323,19.3862769],[-71.142093,19.386382],[-71.1419084,19.3865347],[-71.1417699,19.386637],[-71.1417309,19.3868311],[-71.141794,19.387018],[-71.141857,19.3872049],[-71.1419659,19.38739],[-71.1421206,19.3875733],[-71.1423721,19.3877024],[-71.1425272,19.3877881],[-71.1426786,19.3878749],[-71.1428866,19.3880048],[-71.1431384,19.3880849],[-71.1433085,19.3882629],[-71.1434787,19.388441],[-71.1435949,19.3885752],[-71.1437696,19.3887527],[-71.1440208,19.3888327],[-71.1442717,19.3889127],[-71.1444803,19.3890423],[-71.1447002,19.3892657],[-71.1448188,19.3894479],[-71.1449374,19.3896301],[-71.1450083,19.3898154],[-71.1450792,19.3900008],[-71.145198,19.3901834],[-71.145269,19.390369],[-71.1452923,19.3905579],[-71.145326,19.3908416],[-71.145346,19.3910789],[-71.1453621,19.3912688],[-71.1453781,19.3914587],[-71.1453942,19.3916487],[-71.1454652,19.3918991],[-71.1454757,19.3920256],[-71.1455293,19.3922126],[-71.1455336,19.39245],[-71.145538,19.3926871],[-71.1455414,19.3928766],[-71.1454449,19.3930723],[-71.1452985,19.393271],[-71.1451005,19.3933784],[-71.1448506,19.3933947],[-71.144703,19.3935459],[-71.1447033,19.3937811],[-71.1448046,19.3939626],[-71.1448552,19.394147],[-71.1447546,19.3943873],[-71.1445532,19.3944935],[-71.1443013,19.3945093],[-71.1440492,19.3944318],[-71.1438974,19.394301],[-71.1436948,19.3941265],[-71.1434928,19.3940923],[-71.1432901,19.3939644],[-71.1430368,19.3938396],[-71.1428846,19.3937552],[-71.1427318,19.3936238],[-71.1424783,19.3935457],[-71.142324,19.3934139],[-71.1421182,19.3933323],[-71.1419121,19.3931564],[-71.1416547,19.3930779],[-71.1414998,19.3929457],[-71.1413448,19.3928135],[-71.1410358,19.3927381],[-71.1407781,19.3926595],[-71.1404238,19.3926348],[-71.1400199,19.3926606],[-71.139768,19.3927714],[-71.1395225,19.3929294],[-71.1394299,19.3931249],[-71.1391935,19.3933305],[-71.1390024,19.3933914],[-71.138763,19.3934558],[-71.1386216,19.3936076],[-71.1384812,19.3938064],[-71.138388,19.3939545],[-71.1381481,19.3940193],[-71.1380022,19.393983],[-71.1378066,19.393903],[-71.1376129,19.3939173],[-71.1373716,19.3939823],[-71.1373281,19.3941745],[-71.1373844,19.3943597],[-71.1375397,19.3944911],[-71.1377876,19.3945675],[-71.137987,19.3946474],[-71.1380455,19.3947859],[-71.1380114,19.3949792],[-71.1379773,19.3951726],[-71.1380873,19.3953545],[-71.1382389,19.3954378],[-71.1385262,19.3953681],[-71.1387158,19.3953058],[-71.1390072,19.395284],[-71.1391676,19.395416],[-71.1391875,19.3956067],[-71.139256,19.3957939],[-71.1394116,19.3958783],[-71.1395954,19.395768],[-71.1398858,19.3957458],[-71.1401338,19.3957291],[-71.140338,19.3957636],[-71.1404587,19.3959479],[-71.1404809,19.3961855],[-71.1403882,19.3963327],[-71.1402359,19.396526],[-71.1400371,19.3966312],[-71.1398421,19.3966459],[-71.139587,19.3966601],[-71.1394321,19.3967137],[-71.1392253,19.3968154],[-71.1389696,19.3968289],[-71.1387151,19.3967972],[-71.1386161,19.3966669],[-71.1384672,19.3964939],[-71.1383672,19.3964087],[-71.1381648,19.396329],[-71.1379105,19.3962976],[-71.1376569,19.3962206],[-71.1373525,19.3961466],[-71.1371516,19.3961592],[-71.1368994,19.3962202],[-71.136798,19.3962717],[-71.1365955,19.3963746],[-71.1363915,19.3964763],[-71.1362897,19.3963],[-71.1362898,19.3961177],[-71.1360793,19.3959889],[-71.1359626,19.3958054],[-71.1360079,19.3956171],[-71.1361614,19.395425],[-71.1363156,19.395232],[-71.1364726,19.3950853],[-71.1365145,19.3948938],[-71.1365049,19.3946582],[-71.1363357,19.3944767],[-71.1361136,19.3943912],[-71.1358505,19.3944045],[-71.1355961,19.3944662],[-71.1355503,19.394656],[-71.1355567,19.394889],[-71.1355619,19.3950749],[-71.1354654,19.3952662],[-71.1352622,19.3952777],[-71.1351043,19.3951011],[-71.1350478,19.3949183],[-71.1349898,19.3946886],[-71.1348836,19.3945547],[-71.1347264,19.3944236],[-71.1347218,19.3942834],[-71.1345682,19.394153],[-71.1343707,19.3941669],[-71.1341246,19.394231],[-71.1339258,19.3942909],[-71.133723,19.394257],[-71.1336624,19.3940252],[-71.1335074,19.3939407],[-71.1332559,19.393957],[-71.1330088,19.3940674],[-71.1327619,19.3941778],[-71.1327208,19.3943689],[-71.1326295,19.394563],[-71.1324335,19.3946696],[-71.1322807,19.3946326],[-71.1323214,19.3944419],[-71.1323119,19.3942541],[-71.1322018,19.3940724],[-71.1319957,19.3939913],[-71.1318446,19.394001],[-71.1315969,19.394111],[-71.1316092,19.3943458],[-71.1316214,19.39458],[-71.1312692,19.3946021],[-71.1310682,19.3946149],[-71.1310528,19.3943339],[-71.1309921,19.3941494],[-71.1308331,19.3940179],[-71.130581,19.394034],[-71.1303794,19.3940468],[-71.1302394,19.3942444],[-71.1301499,19.3944383],[-71.129946,19.3944043],[-71.1298813,19.3941729],[-71.1297719,19.3940382],[-71.1295615,19.3939098],[-71.1294103,19.3939195],[-71.1292117,19.3939794],[-71.1290164,19.3940863],[-71.1288181,19.3941462],[-71.1285164,19.394166],[-71.1282079,19.3940917],[-71.1280031,19.3940578],[-71.1277947,19.3939748],[-71.1275865,19.3938919],[-71.1273817,19.3938578],[-71.1271299,19.3938745],[-71.1269357,19.3939817],[-71.126846,19.394129],[-71.1267063,19.3942794],[-71.1263579,19.3943496],[-71.1263076,19.3943529],[-71.1261141,19.3944597],[-71.1258745,19.3946165],[-71.125669,19.3945836],[-71.1254591,19.3945037],[-71.1253748,19.3946973],[-71.1252824,19.3947973],[-71.1250727,19.3947174],[-71.1248712,19.3947308],[-71.1246826,19.3948842],[-71.1244899,19.3949908],[-71.1243572,19.3951862],[-71.1242199,19.3953352],[-71.124005,19.3952098],[-71.1238903,19.3950774],[-71.1236745,19.3949513],[-71.1234223,19.394968],[-71.1232195,19.3949821],[-71.1230213,19.3950427],[-71.1228184,19.3950566],[-71.1225644,19.3950741],[-71.1223102,19.3950916],[-71.1220558,19.3951091],[-71.1217502,19.3951301],[-71.1216483,19.3951371],[-71.1213942,19.3952033],[-71.1213025,19.3953532],[-71.1211582,19.3955073],[-71.1211755,19.395696],[-71.1212451,19.3958802],[-71.1213146,19.3960641],[-71.1213318,19.3962521],[-71.1211926,19.3964529],[-71.1209955,19.3965625],[-71.1207422,19.3966292],[-71.120647,19.3967316],[-71.120661,19.3969218],[-71.1206784,19.3971595],[-71.1207938,19.3973427],[-71.1209616,19.3976216],[-71.1210694,19.3977102],[-71.1211335,19.3978975],[-71.1212042,19.3980789],[-71.1212188,19.3982683],[-71.1212333,19.3984577],[-71.1212516,19.3986943],[-71.1212661,19.3988836],[-71.1212247,19.3990819],[-71.1212393,19.3992712],[-71.1211526,19.3994675],[-71.1210218,19.39966],[-71.1208381,19.3998586],[-71.1207537,19.4000009],[-71.1205629,19.4001561],[-71.1203569,19.4002253],[-71.1201428,19.4002517],[-71.1198757,19.4002831],[-71.1196297,19.400344],[-71.1194789,19.400353],[-71.1193443,19.4004992],[-71.1191033,19.4006572],[-71.1188442,19.4006799],[-71.1186367,19.400698],[-71.1186653,19.4009254],[-71.1187399,19.4012043],[-71.1189088,19.4014321],[-71.1189568,19.4015851],[-71.1191736,19.4017615],[-71.1194368,19.4017331],[-71.1196963,19.4017084],[-71.1199568,19.4017336],[-71.1201142,19.4018196],[-71.1203707,19.4019012],[-71.1204668,19.4021097],[-71.1205634,19.4023194],[-71.1205071,19.4025943],[-71.120522,19.4028373],[-71.1204304,19.4030412],[-71.1203939,19.4031458],[-71.1203424,19.4032931],[-71.1202077,19.4035419],[-71.1200819,19.4037243],[-71.1200129,19.4039471],[-71.1199776,19.4040862],[-71.1199027,19.4043175],[-71.1197752,19.404502],[-71.1196919,19.4046401],[-71.119565,19.4048237],[-71.119491,19.4050531],[-71.1194126,19.405236],[-71.1185601,19.4062553],[-71.1181213,19.4070169],[-71.1176317,19.4076842],[-71.1167462,19.4085933],[-71.1148162,19.4096568],[-71.1136799,19.4104265],[-71.1122009,19.4116743],[-71.111265,19.4125343],[-71.1106227,19.4129685],[-71.1087413,19.4139365],[-71.1075995,19.4142795],[-71.1062514,19.4141077],[-71.1058244,19.4141239],[-71.1044581,19.4141759],[-71.1034667,19.4146119],[-71.1031309,19.4150139],[-71.1028286,19.4153758],[-71.1017349,19.4155781],[-71.100985,19.4153971],[-71.1003826,19.4150744],[-71.0996368,19.415223],[-71.0978435,19.4152912],[-71.0970012,19.4156803],[-71.0963539,19.4157352],[-71.0955519,19.4153651],[-71.095545,19.4153626],[-71.0944,19.4149538],[-71.0927021,19.4146889],[-71.0913073,19.4147524],[-71.0898641,19.4149112],[-71.0887701,19.4151135],[-71.0866838,19.4156569],[-71.0849467,19.4162436],[-71.0839081,19.416872],[-71.0825265,19.417974],[-71.0822004,19.4182803],[-71.0810489,19.4193617],[-71.0797209,19.4207498],[-71.0782893,19.4218524],[-71.0775974,19.4222138],[-71.0767714,19.4223354],[-71.0759426,19.4222327],[-71.0755506,19.4221065],[-71.0749336,19.4219078],[-71.074047,19.4219179],[-71.0732427,19.4219271],[-71.0730423,19.4219294],[-71.0723986,19.4224415],[-71.0720525,19.4231184],[-71.0720523,19.4231242],[-71.0720442,19.4233245],[-71.0720076,19.4242405],[-71.072393,19.42502],[-71.0726143,19.4254674],[-71.0728012,19.4255006],[-71.073503,19.4256255],[-71.0745661,19.4255572],[-71.0759846,19.425541],[-71.0767814,19.4253535],[-71.0769865,19.4253052],[-71.0781664,19.4251235],[-71.0787629,19.4248955],[-71.0792253,19.4247188],[-71.0797989,19.4247122],[-71.0798403,19.4247117],[-71.0805255,19.4247039],[-71.0819454,19.4247998],[-71.0836694,19.4255651],[-71.0853963,19.4265547],[-71.0867628,19.4270998],[-71.087278,19.4270939],[-71.088004,19.4270856],[-71.0891896,19.4273523],[-71.0900884,19.4282953],[-71.0901647,19.4296404],[-71.0897171,19.4305162],[-71.0896457,19.4306558],[-71.0887713,19.4316193],[-71.0881853,19.4320186],[-71.0878299,19.4319666],[-71.0867639,19.4318106],[-71.0863559,19.4322639],[-71.0856538,19.4328328],[-71.0850136,19.4336253],[-71.0841955,19.4343637],[-71.0841511,19.4346864],[-71.0840959,19.4350873],[-71.0840873,19.4351501],[-71.0842067,19.4352974],[-71.0846278,19.4358169],[-71.0851727,19.4368201],[-71.085835,19.4377658],[-71.0857635,19.4385108],[-71.0856952,19.4401081],[-71.0857691,19.4402883],[-71.0861435,19.4412022],[-71.0864029,19.4418353],[-71.086408,19.4418477],[-71.0867929,19.4427872],[-71.0880561,19.4445362],[-71.0888753,19.4462091],[-71.0899677,19.448466],[-71.0904257,19.4496372],[-71.0909736,19.4508931],[-71.0920445,19.4514702],[-71.0936298,19.4506931],[-71.0944131,19.4495911],[-71.0948424,19.4484933],[-71.0958052,19.4475586],[-71.0967885,19.4482201],[-71.0970718,19.4495604],[-71.0973958,19.4505548],[-71.0972454,19.4511956],[-71.0967964,19.4522621],[-71.0958457,19.4545538],[-71.0942277,19.4556797],[-71.0940011,19.4558374],[-71.0922438,19.4570342],[-71.0895182,19.4587479],[-71.087144,19.4602024],[-71.0869716,19.4603601],[-71.0856544,19.4615654],[-71.0835781,19.4621651],[-71.0829813,19.4624113],[-71.0819613,19.4627234],[-71.0809164,19.462977],[-71.0803725,19.4631052],[-71.079975,19.4631973],[-71.0798293,19.4632311],[-71.0787273,19.463587],[-71.0782341,19.4642543],[-71.0786183,19.4654422],[-71.0802264,19.466948],[-71.0808254,19.4682034],[-71.0818362,19.4696392],[-71.0826854,19.4704401],[-71.0842132,19.4712671],[-71.084561,19.4714334],[-71.0855834,19.471922],[-71.0867743,19.4702887],[-71.0887124,19.4694783],[-71.0902974,19.46848],[-71.0921096,19.4676281],[-71.0941145,19.4673994],[-71.0965824,19.4672038],[-71.0983979,19.4669958],[-71.0994735,19.466879],[-71.1021048,19.4668641],[-71.1041986,19.4664544],[-71.1060756,19.4663219],[-71.1080235,19.4666312],[-71.1099015,19.46644],[-71.1118055,19.4653131],[-71.1141896,19.4643329],[-71.1163495,19.463833],[-71.1180115,19.4638298],[-71.1202548,19.4641062],[-71.1213893,19.4645287],[-71.1222126,19.4648352],[-71.1233327,19.4661385],[-71.1240687,19.4672194],[-71.1243837,19.4676821],[-71.1248083,19.4685439],[-71.1250132,19.4689597],[-71.1255961,19.4703646],[-71.1257759,19.4708481],[-71.1261994,19.4724352],[-71.1266545,19.4731485],[-71.1268887,19.4735156],[-71.1280977,19.4748214],[-71.1307048,19.4756443],[-71.1330967,19.4763011],[-71.1349529,19.4758314],[-71.1351878,19.4758171],[-71.1354139,19.4758034],[-71.1370137,19.4762189],[-71.1372706,19.4776038],[-71.1414135,19.4785114],[-71.1440073,19.4769647],[-71.1459315,19.4768146],[-71.1489291,19.4773519],[-71.1559736,19.4788347],[-71.1611278,19.477121],[-71.1651283,19.477926],[-71.1690722,19.4756227],[-71.1697014,19.4756108],[-71.1692713,19.4778433],[-71.16965,19.4781817],[-71.1700797,19.4783637],[-71.1706397,19.4784221],[-71.1710348,19.478227],[-71.1712844,19.4780191],[-71.1718245,19.4774812],[-71.1724358,19.4769441],[-71.1754267,19.4748051],[-71.1774415,19.4747206],[-71.1794668,19.4746339],[-71.1801779,19.4747095],[-71.1809686,19.4747097],[-71.1810022,19.4747091],[-71.1821379,19.4746889],[-71.1824007,19.4754983],[-71.1828096,19.4759236],[-71.1833676,19.4762036],[-71.1834735,19.4765847],[-71.183228,19.4770657],[-71.1827858,19.4773886],[-71.1826292,19.477503],[-71.1823345,19.4780802],[-71.1822931,19.4787498],[-71.1824526,19.4793693],[-71.1826062,19.4801164],[-71.1826682,19.4804182],[-71.1826953,19.4808117],[-71.1827308,19.4813256],[-71.1822837,19.481809],[-71.1817888,19.4824841],[-71.1814425,19.4829662],[-71.1814255,19.4829814],[-71.1808449,19.4834992],[-71.1808451,19.4835184],[-71.1808487,19.483786],[-71.1809565,19.4843104],[-71.1808622,19.4847895],[-71.1805152,19.4852239],[-71.1802824,19.4852821],[-71.1799125,19.4853745],[-71.1797671,19.4858065],[-71.1797754,19.4864277],[-71.1798379,19.4873351],[-71.1797939,19.4878136],[-71.1796976,19.4881494],[-71.1792473,19.4883938],[-71.1795554,19.4888202],[-71.1799133,19.4891983],[-71.1799455,19.4894695],[-71.1799701,19.4896756],[-71.1798706,19.4897724],[-71.1796767,19.4903483],[-71.1792851,19.4912134],[-71.1788884,19.4916961],[-71.1787985,19.4925098],[-71.1783016,19.4930415],[-71.1782358,19.4931313],[-71.1773117,19.4943917],[-71.1771184,19.4950154],[-71.1772231,19.495301],[-71.1775816,19.4957268],[-71.1779644,19.495877],[-71.1782909,19.4960051],[-71.1786442,19.4960486],[-71.179099,19.4961387],[-71.1794601,19.4967558],[-71.1792643,19.4971883],[-71.1790691,19.4976686],[-71.1790768,19.4982421],[-71.1794819,19.4983806],[-71.179538,19.4988101],[-71.1797919,19.4989504],[-71.1802461,19.4989928],[-71.1805478,19.4989413],[-71.1811008,19.4988391],[-71.1815027,19.4987386],[-71.1820085,19.4988759],[-71.1819632,19.4992588],[-71.1816667,19.4996926],[-71.1813158,19.4998402],[-71.1808674,19.500228],[-71.18087,19.5004192],[-71.1809734,19.5006061],[-71.1833189,19.502702],[-71.1836419,19.503043],[-71.1836773,19.5030804],[-71.1836439,19.5043235],[-71.1836091,19.5054711],[-71.1833507,19.5062087],[-71.183172,19.5067188],[-71.1831353,19.507723],[-71.1831403,19.5080904],[-71.1831425,19.5082507],[-71.183143,19.5082865],[-71.1830631,19.5088487],[-71.1829219,19.5098427],[-71.1829316,19.5105617],[-71.1829421,19.5113445],[-71.1832989,19.5123099],[-71.1836147,19.5132624],[-71.1841711,19.5133517],[-71.1849725,19.5129124],[-71.1852175,19.5123839],[-71.1851566,19.5116198],[-71.1852435,19.5113018],[-71.1853008,19.5110924],[-71.1860039,19.5108454],[-71.1868138,19.5110275],[-71.187777,19.5113512],[-71.1886976,19.5122489],[-71.1888627,19.5132509],[-71.1888241,19.5141117],[-71.1886308,19.5147353],[-71.1889899,19.5151614],[-71.1894427,19.5150607],[-71.1900475,19.515006],[-71.1902047,19.5154344],[-71.1899112,19.5161069],[-71.1899177,19.5165849],[-71.1903732,19.5166753],[-71.1908725,19.5162873],[-71.1912217,19.5159965],[-71.1913265,19.5159843],[-71.1916752,19.5159436],[-71.1919858,19.5165136],[-71.1919452,19.5172311],[-71.1914726,19.5176954],[-71.1910857,19.5180166],[-71.1907487,19.5182962],[-71.1907048,19.5187747],[-71.1908306,19.5189141],[-71.1912172,19.5193425],[-71.1915285,19.5199604],[-71.1913889,19.5208223],[-71.1908418,19.5214021],[-71.1902435,19.5219347],[-71.1898975,19.5224644],[-71.1896718,19.5232417],[-71.1893524,19.5239612],[-71.1892789,19.525196],[-71.1891466,19.5265837],[-71.1891408,19.526613],[-71.1889579,19.5275418],[-71.188663,19.5281187],[-71.1883694,19.5287912],[-71.188125,19.5293676],[-71.1884874,19.5300327],[-71.188796,19.5304594],[-71.1891986,19.530865],[-71.1895262,19.5301149],[-71.1932953,19.5321872],[-71.1947934,19.5330474],[-71.1968234,19.5342578],[-71.1988383,19.5352291],[-71.2009563,19.5368177],[-71.2031793,19.5384006],[-71.2052203,19.5397711],[-71.2057555,19.5405052],[-71.2070095,19.5425243],[-71.2081205,19.54436],[-71.2083633,19.5447612],[-71.209037,19.5452074],[-71.2102915,19.5460382],[-71.2112756,19.5464845],[-71.2126944,19.5471084],[-71.2141186,19.547468],[-71.2153835,19.547658],[-71.2164985,19.547834],[-71.2175385,19.5478348],[-71.2182954,19.5477306],[-71.2194314,19.5472425],[-71.2200476,19.5465824],[-71.2209106,19.5454879],[-71.2212724,19.5448422],[-71.2223076,19.5434341],[-71.2234227,19.5419617],[-71.2241574,19.540853],[-71.2248115,19.5394653],[-71.2256676,19.5389151],[-71.2266226,19.5382553],[-71.2271786,19.5373182],[-71.2274795,19.5363955],[-71.2274106,19.5343258],[-71.2274515,19.5333183],[-71.2280476,19.5316942],[-71.2287082,19.5303114],[-71.2297336,19.5281962],[-71.2301914,19.5273664],[-71.2303985,19.5269912],[-71.2312135,19.526139],[-71.2319865,19.5252895],[-71.2327756,19.5246791],[-71.2332617,19.5239889],[-71.2345145,19.5236731],[-71.2354015,19.5236035],[-71.2365088,19.5236598],[-71.2373837,19.5237302],[-71.2384745,19.523868],[-71.2395976,19.5241657],[-71.2408136,19.5245977],[-71.2422346,19.5259055],[-71.2448307,19.5279889],[-71.2451888,19.5282893],[-71.2466289,19.5295539],[-71.2474906,19.5304102],[-71.2481746,19.5311559],[-71.2492168,19.5318383],[-71.2497908,19.5318651],[-71.2529277,19.5321285],[-71.2568397,19.5319013],[-71.2578388,19.5316021],[-71.2589038,19.5313381],[-71.2595759,19.5312191],[-71.2605339,19.5312658],[-71.2614288,19.5316565],[-71.2635898,19.5329187],[-71.2643448,19.5334376],[-71.2656129,19.5343317],[-71.2671589,19.5356106],[-71.268184,19.5363541],[-71.2705159,19.5376276],[-71.2721499,19.5389415],[-71.273605,19.5397834],[-71.274938,19.5410333],[-71.276672,19.5422623],[-71.2777199,19.5433668],[-71.278762,19.5443923],[-71.2791,19.5446951],[-71.280218,19.5452341],[-71.282007,19.545995],[-71.2833201,19.5466039],[-71.2847051,19.5473472],[-71.2869882,19.5488469],[-71.2878441,19.5492786],[-71.2890451,19.5501349],[-71.289989,19.550622],[-71.291014,19.550703],[-71.29207,19.5507896],[-71.2932751,19.5509743],[-71.2937975,19.5511634],[-71.2941792,19.5513016],[-71.294471,19.5517045],[-71.2947514,19.5518957],[-71.295078,19.5519743],[-71.2952939,19.5519305],[-71.2956294,19.5519133],[-71.2962791,19.55207],[-71.2966216,19.5521299],[-71.2969505,19.5522769],[-71.2970186,19.5523073],[-71.2971717,19.552663],[-71.2970312,19.5530603],[-71.2968717,19.553649],[-71.2966257,19.5541724],[-71.2964227,19.55439],[-71.2961281,19.5545262],[-71.295786,19.5545459],[-71.2955725,19.5545168],[-71.2952882,19.554402],[-71.295239,19.5543822],[-71.2948742,19.5543406],[-71.2952044,19.5547613],[-71.2952032,19.5547667],[-71.2952172,19.5547817],[-71.2952404,19.5548192],[-71.2955229,19.5551659],[-71.29612,19.5555331],[-71.2971629,19.5562378],[-71.297823,19.5566019],[-71.2982518,19.5568539],[-71.298883,19.5572229],[-71.2995519,19.5577292],[-71.300646,19.5582278],[-71.30175,19.5585659],[-71.302687,19.5592765],[-71.3030531,19.5596782],[-71.30377,19.5602606],[-71.3047661,19.5602411],[-71.306587,19.559834],[-71.308667,19.5595116],[-71.3098714,19.559652],[-71.3102931,19.5597008],[-71.311921,19.5602693],[-71.3134001,19.5614718],[-71.3136981,19.5618157],[-71.3148132,19.5633006],[-71.3157391,19.5644718],[-71.3163432,19.5649608],[-71.3191682,19.5659631],[-71.3335373,19.5698735],[-71.3335893,19.5682323],[-71.3336444,19.566572],[-71.333067,19.5655206],[-71.3325854,19.564644],[-71.3321364,19.5636135],[-71.3316874,19.5625829],[-71.3313525,19.5606907],[-71.3311997,19.558979],[-71.3311185,19.5580679],[-71.3310704,19.5571654],[-71.3310224,19.5562629],[-71.3308904,19.5545599],[-71.3314017,19.5533629],[-71.3314985,19.5531364],[-71.3326016,19.551483],[-71.3337655,19.5501268],[-71.3346825,19.5492095],[-71.3362026,19.5485098],[-71.3368429,19.5482668],[-71.3380069,19.5482752],[-71.3389514,19.5485212],[-71.3397661,19.5483463],[-71.3402093,19.5481762],[-71.3406329,19.5483585],[-71.3411332,19.5487042],[-71.3416287,19.5487212],[-71.3420747,19.5487389],[-71.3424745,19.5489919],[-71.3429514,19.5494318],[-71.3435473,19.5495414],[-71.3441154,19.5494401],[-71.3447838,19.5494315],[-71.3452559,19.5495427],[-71.3458318,19.5499812],[-71.3465549,19.550324],[-71.3467168,19.5503057],[-71.3470246,19.5502709],[-71.3477781,19.5502164],[-71.3489147,19.551014],[-71.3504537,19.5515088],[-71.3522606,19.5518849],[-71.3542137,19.5522116],[-71.3568907,19.5525786],[-71.3594068,19.5527557],[-71.3631951,19.5540676],[-71.3648793,19.5548385],[-71.3681528,19.5563665],[-71.3688816,19.5566188],[-71.3695428,19.5568494],[-71.3703398,19.5570241],[-71.3707671,19.5571155],[-71.3714967,19.5570617],[-71.3715864,19.5570346],[-71.3716789,19.5570067],[-71.3717048,19.5569941],[-71.3720904,19.5568068],[-71.3724025,19.5566552],[-71.3727966,19.5565016],[-71.3729992,19.5563885],[-71.3731683,19.5562957],[-71.3732815,19.5561918],[-71.3733951,19.5560668],[-71.373566,19.5558163],[-71.3738056,19.5554508],[-71.3739423,19.5552733],[-71.3740674,19.5551273],[-71.3744384,19.554974],[-71.3747172,19.5548904],[-71.374719,19.5548898],[-71.3748431,19.5548527],[-71.3752038,19.5547305],[-71.3754025,19.5546519],[-71.3756451,19.554556],[-71.3760421,19.5544335],[-71.3764847,19.5543536],[-71.3770011,19.5543181],[-71.377485,19.5542502],[-71.378008,19.5542159],[-71.3780472,19.5542071],[-71.3782323,19.5541659],[-71.3784282,19.5539655],[-71.3784473,19.5539273],[-71.3785452,19.5537321],[-71.3787308,19.5534569],[-71.3788582,19.5532771],[-71.3790186,19.5531618],[-71.3791556,19.5530888],[-71.3794057,19.5530173],[-71.3796218,19.5529453],[-71.3800064,19.5528858],[-71.3804138,19.5528263],[-71.3804677,19.5528269],[-71.3806963,19.5528294],[-71.3810473,19.5528442],[-71.3813424,19.5528478],[-71.3816036,19.5528297],[-71.3818203,19.5527573],[-71.3820254,19.552706],[-71.3822773,19.5525802],[-71.3825754,19.5524226],[-71.3828168,19.5522749],[-71.383207,19.5520438],[-71.3834961,19.5519397],[-71.3835507,19.5519201],[-71.3836795,19.5518787],[-71.3836821,19.5518779],[-71.3839451,19.5517934],[-71.384208,19.5516924],[-71.3843623,19.5516332],[-71.3853485,19.5520435],[-71.3855003,19.5520977],[-71.3872369,19.5527169],[-71.3880896,19.5530897],[-71.3882419,19.5531297],[-71.3898645,19.5535551],[-71.3911605,19.5540632],[-71.3966489,19.553795],[-71.3975617,19.5535243],[-71.3994757,19.553429],[-71.4010997,19.5536519],[-71.4035007,19.5541087],[-71.404536,19.5543743],[-71.4050867,19.5548],[-71.405618,19.5553027],[-71.4061037,19.5554566],[-71.4063582,19.5555372],[-71.4074298,19.5557673],[-71.4089439,19.5560265],[-71.4122267,19.5563318],[-71.4137366,19.5563116],[-71.414698,19.5562805],[-71.4155775,19.5562521],[-71.4169996,19.5566725],[-71.417019,19.5564047],[-71.4170122,19.5561809],[-71.416995,19.5561051],[-71.4169183,19.5557664],[-71.4168459,19.5554505],[-71.4168003,19.5550461],[-71.4168379,19.5548742],[-71.4168969,19.554758],[-71.4170632,19.5545684],[-71.4171597,19.5544521],[-71.4172697,19.5542398],[-71.4172563,19.5540907],[-71.4171678,19.5539668],[-71.4169908,19.5539163],[-71.4166716,19.5538354],[-71.4163148,19.5536838],[-71.4161955,19.5535915],[-71.4161378,19.5535207],[-71.4160976,19.5534121],[-71.4161083,19.5528472],[-71.4160708,19.5526879],[-71.4159849,19.5524402],[-71.4156389,19.5519676],[-71.4154699,19.5516996],[-71.4152527,19.5514064],[-71.415073,19.5513003],[-71.4145607,19.5510804],[-71.4138445,19.5509818],[-71.4134127,19.5510147],[-71.4128843,19.5511158],[-71.4125544,19.5511638],[-71.4123264,19.5510602],[-71.4121842,19.5509313],[-71.4121333,19.5507796],[-71.4120582,19.5506052],[-71.4120206,19.5503449],[-71.4120582,19.5501022],[-71.4121521,19.5499657],[-71.4123479,19.5498469],[-71.412718,19.5497079],[-71.4129514,19.5496018],[-71.4131767,19.5495209],[-71.4134958,19.5494299],[-71.4137507,19.5492732],[-71.4140698,19.5490356],[-71.414448,19.548803],[-71.414912,19.5484618],[-71.4151025,19.5482495],[-71.4151347,19.54807],[-71.4151052,19.5478628],[-71.4149711,19.5476302],[-71.4147645,19.5474356],[-71.4144212,19.5470919],[-71.4142817,19.5468795],[-71.4141342,19.5466798],[-71.4140537,19.5463563],[-71.4140698,19.5461693],[-71.4142308,19.5457244],[-71.4143059,19.5454413],[-71.4143112,19.5449307],[-71.4144346,19.5444201],[-71.4145312,19.5442129],[-71.414617,19.5441294],[-71.4148906,19.5440233],[-71.4150569,19.543907],[-71.415242,19.5437149],[-71.4153627,19.543495],[-71.415419,19.5433004],[-71.4154673,19.5428833],[-71.4154539,19.5426482],[-71.415368,19.5421427],[-71.4153412,19.5418697],[-71.4153627,19.54167],[-71.4153841,19.5411468],[-71.4154378,19.5409167],[-71.4156577,19.5406994],[-71.4158991,19.5406261],[-71.4161056,19.5405907],[-71.4163148,19.5405553],[-71.4166984,19.5405704],[-71.4170551,19.5406362],[-71.4172912,19.5407474],[-71.4175513,19.5409698],[-71.4177632,19.5411417],[-71.4182648,19.5414122],[-71.4184982,19.5415133],[-71.4188549,19.5415841],[-71.419107,19.5415866],[-71.4192277,19.5415638],[-71.4193645,19.5415057],[-71.4195335,19.5413717],[-71.4196917,19.541301],[-71.4198902,19.5413136],[-71.4200512,19.5413768],[-71.4201397,19.5414779],[-71.4203569,19.5417029],[-71.4205152,19.5419304],[-71.4206359,19.5420947],[-71.4206895,19.542221],[-71.4207324,19.5423778],[-71.4207351,19.5426002],[-71.4208263,19.5428201],[-71.4209846,19.5431108],[-71.4212769,19.5434621],[-71.4215693,19.5435911],[-71.4217865,19.5436087],[-71.4219824,19.5435481],[-71.422044,19.5434268],[-71.4220521,19.5432549],[-71.4220119,19.5431184],[-71.4219824,19.5429086],[-71.4219368,19.542719],[-71.4219743,19.5423778],[-71.4220762,19.5419051],[-71.4220548,19.541349],[-71.4218295,19.5407777],[-71.4216793,19.5403885],[-71.4214727,19.5397742],[-71.4213574,19.5394734],[-71.4211375,19.5390386],[-71.4210516,19.5388491],[-71.4209577,19.5386772],[-71.4208853,19.5385634],[-71.4208022,19.5384446],[-71.420652,19.5383157],[-71.4203784,19.5381843],[-71.4201155,19.5379643],[-71.4200538,19.5377975],[-71.4200619,19.5376635],[-71.4201343,19.537565],[-71.4202309,19.5375043],[-71.4203677,19.5374386],[-71.420491,19.5373172],[-71.4206305,19.537163],[-71.4208022,19.5368648],[-71.4209068,19.53666],[-71.4209631,19.5362783],[-71.4210168,19.5360432],[-71.4210141,19.5358359],[-71.4209309,19.5356868],[-71.42077,19.5354239],[-71.4207137,19.535113],[-71.4208344,19.5347085],[-71.4208666,19.5345822],[-71.420998,19.5343572],[-71.4211455,19.5342308],[-71.4215183,19.5338693],[-71.4217678,19.5337126],[-71.4219609,19.5336822],[-71.4223015,19.5337505],[-71.4226609,19.5338996],[-71.4230311,19.5341145],[-71.42331,19.5342333],[-71.4237124,19.5343723],[-71.4241093,19.5344128],[-71.4245921,19.5344861],[-71.4249381,19.5345518],[-71.4251983,19.5346327],[-71.4252949,19.5347237],[-71.4253324,19.5347995],[-71.4253807,19.534936],[-71.4254025,19.534959],[-71.4255934,19.5351055],[-71.4257549,19.5350953],[-71.4260301,19.5349677],[-71.4261435,19.5346919],[-71.4260903,19.5346591],[-71.4260919,19.5345822],[-71.4259974,19.5343816],[-71.4258303,19.5340265],[-71.4256171,19.5333121],[-71.4256133,19.5330758],[-71.4256055,19.5325951],[-71.4256012,19.5323242],[-71.4255981,19.5321354],[-71.4255971,19.5320694],[-71.425639,19.531543],[-71.425836,19.5312537],[-71.4258846,19.5312284],[-71.426586,19.530862],[-71.4273918,19.5308042],[-71.4278982,19.5309413],[-71.4279698,19.5309694],[-71.4282534,19.5310803],[-71.4283735,19.5310022],[-71.4285528,19.5308854],[-71.4284443,19.5304087],[-71.4283288,19.53003],[-71.4282846,19.5298848],[-71.4282233,19.5297058],[-71.4280729,19.529266],[-71.4281786,19.5289337],[-71.4282046,19.5288056],[-71.4281497,19.5286478],[-71.4280186,19.5283733],[-71.4278987,19.5282081],[-71.4278016,19.5280742],[-71.4274682,19.5278181],[-71.427189,19.5276037],[-71.4271886,19.5276036],[-71.4269906,19.5275231],[-71.4267322,19.5274181],[-71.4267268,19.5270796],[-71.4267237,19.5268924],[-71.4267486,19.5263943],[-71.4268657,19.526317],[-71.4272998,19.5264345],[-71.4273721,19.5264541],[-71.4277715,19.5262101],[-71.4277692,19.5261228],[-71.427815,19.5257793],[-71.427705,19.525207],[-71.4275476,19.5248265],[-71.4273375,19.5243033],[-71.4273654,19.5242269],[-71.4275306,19.523775],[-71.4275466,19.5236963],[-71.4278261,19.5233411],[-71.4279695,19.5232938],[-71.4282775,19.5231921],[-71.4290768,19.5229582],[-71.4291306,19.5229425],[-71.4297147,19.5231016],[-71.4302016,19.5231775],[-71.4308594,19.5231324],[-71.4312521,19.5229165],[-71.431642,19.5224175],[-71.4320085,19.521971],[-71.4320388,19.5219503],[-71.4322838,19.521517],[-71.4323437,19.5211206],[-71.432239,19.5207259],[-71.4322623,19.5201787],[-71.4320596,19.5197483],[-71.431949,19.5195133],[-71.4318894,19.5189404],[-71.4319162,19.5182053],[-71.4319243,19.5179839],[-71.4319151,19.5174103],[-71.4317144,19.5169106],[-71.431705,19.5168871],[-71.431692,19.5168092],[-71.4316492,19.5165531],[-71.4315918,19.5161236],[-71.4319897,19.515784],[-71.4321006,19.5157372],[-71.4323402,19.5156362],[-71.4326375,19.5154385],[-71.4329096,19.5146465],[-71.4329479,19.5145615],[-71.4330709,19.5143712],[-71.4331698,19.5140979],[-71.4334002,19.5139615],[-71.4336151,19.5140878],[-71.4336879,19.5143905],[-71.4339477,19.5146693],[-71.4342427,19.5146592],[-71.4345962,19.5145656],[-71.4349716,19.5144466],[-71.4350935,19.5140906],[-71.4351048,19.5131154],[-71.4353416,19.5125793],[-71.4361267,19.5119791],[-71.4364743,19.5117619],[-71.436601,19.5114772],[-71.4365024,19.5111386],[-71.4367318,19.5109276],[-71.4371018,19.5107965],[-71.4373808,19.510807],[-71.4380602,19.5108324],[-71.4386643,19.5107771],[-71.438792,19.5107286],[-71.4394069,19.5103682],[-71.4399205,19.5105224],[-71.4408751,19.5103193],[-71.4412783,19.5103143],[-71.4418358,19.5104986],[-71.4422925,19.5106841],[-71.4432708,19.5106255],[-71.4432998,19.5106238],[-71.4434625,19.5103759],[-71.4437426,19.509949],[-71.4441389,19.5095138],[-71.4451868,19.5093108],[-71.4451942,19.5093094],[-71.4451963,19.5093085],[-71.4457952,19.5090629],[-71.4462763,19.5090031],[-71.4466505,19.5089566],[-71.4470448,19.5089517],[-71.4472553,19.508949],[-71.4477097,19.5089912],[-71.4482641,19.5089842],[-71.4484511,19.5090114],[-71.4488705,19.5090723],[-71.4489963,19.5089768],[-71.4493187,19.508732],[-71.4499134,19.5081031],[-71.450268,19.5077886],[-71.4504601,19.5076182],[-71.4509121,19.507517],[-71.451266,19.5071402],[-71.4514572,19.5069365],[-71.4518015,19.5064063],[-71.4520008,19.5062604],[-71.4527144,19.5062063],[-71.452756,19.5062032],[-71.4534616,19.5061943],[-71.4538822,19.5060688],[-71.4539633,19.5060446],[-71.4543626,19.5058006],[-71.4549015,19.5059211],[-71.4549698,19.5059364],[-71.4555761,19.5060244],[-71.4558212,19.5055911],[-71.4557601,19.5054436],[-71.4556637,19.5052107],[-71.4560599,19.5047754],[-71.4564554,19.5042924],[-71.4567523,19.5039541],[-71.4571012,19.5037107],[-71.4573179,19.5037006],[-71.4576599,19.5034931],[-71.4581283,19.5031824],[-71.4583514,19.5030439],[-71.4588146,19.5027565],[-71.4599251,19.5017497],[-71.4601306,19.5015635],[-71.4602909,19.5012257],[-71.4604381,19.5009157],[-71.4606831,19.5005854],[-71.4606742,19.5000001],[-71.4610155,19.4992427],[-71.4611805,19.4984878],[-71.4613048,19.4982221],[-71.4615101,19.4977831],[-71.4616867,19.4969755],[-71.4623882,19.4967151],[-71.4630923,19.4966219],[-71.4638871,19.4966947],[-71.4642359,19.496439],[-71.464506,19.4960467],[-71.4643127,19.4956853],[-71.4645671,19.4950128],[-71.4650028,19.4946723],[-71.4654411,19.4944991],[-71.4656993,19.4940774],[-71.4656892,19.4934085],[-71.4655947,19.4929916],[-71.465849,19.4923191],[-71.4658438,19.4919716],[-71.4658376,19.4915666],[-71.4658262,19.490814],[-71.4659289,19.4900543],[-71.4659848,19.489641],[-71.4660498,19.4889203],[-71.4660603,19.4888037],[-71.465787,19.488222],[-71.4653171,19.4880385],[-71.465166,19.4879795],[-71.4647061,19.4877692],[-71.4644557,19.4876547],[-71.4638335,19.4873286],[-71.4635989,19.4872685],[-71.4632138,19.4871698],[-71.4625916,19.4868437],[-71.4619694,19.4865177],[-71.4614341,19.4861068],[-71.4611621,19.4856087],[-71.461065,19.4850246],[-71.4614101,19.4845181],[-71.4616724,19.4839505],[-71.4616969,19.4838975],[-71.4617062,19.483728],[-71.4617398,19.4831175],[-71.4617413,19.4830918],[-71.4618911,19.482285],[-71.4621606,19.4816644],[-71.4621784,19.4815108],[-71.4622145,19.4812017],[-71.4620991,19.4810095],[-71.4621431,19.4807483],[-71.4623152,19.4802423],[-71.4623185,19.4802366],[-71.462472,19.4799732],[-71.462929,19.4794376],[-71.4634791,19.4789007],[-71.4641216,19.4783184],[-71.4644863,19.4778282],[-71.4647141,19.4775162],[-71.4646596,19.4769876],[-71.4646981,19.4764576],[-71.4648735,19.4757494],[-71.4651412,19.4749957],[-71.4649923,19.4743801],[-71.4647524,19.4738981],[-71.4645132,19.4734601],[-71.4649231,19.472881],[-71.4652878,19.4723908],[-71.4655123,19.4718583],[-71.4649031,19.4715578],[-71.4643909,19.4715206],[-71.4641072,19.4712157],[-71.4640945,19.4703776],[-71.4636261,19.4701634],[-71.4633902,19.469946],[-71.4633809,19.4693285],[-71.4633244,19.4686675],[-71.4633234,19.468307],[-71.4632406,19.4681239],[-71.4626976,19.467612],[-71.4625536,19.4667154],[-71.4627025,19.4654198],[-71.4630416,19.46381],[-71.4636749,19.4627826],[-71.4643827,19.4625959],[-71.4647794,19.4626687],[-71.4650079,19.4625249],[-71.4651546,19.4624134],[-71.4652344,19.4622404],[-71.4651855,19.4619489],[-71.4653106,19.4618329],[-71.4656706,19.461656],[-71.4659476,19.461449],[-71.4661604,19.4613523],[-71.4662565,19.4611634],[-71.4665173,19.4609723],[-71.4669308,19.4607072],[-71.4672167,19.4603227],[-71.4671761,19.4600466],[-71.4671693,19.4595969],[-71.4669041,19.4589433],[-71.4670801,19.4585258],[-71.4669639,19.4580776],[-71.466955,19.4574897],[-71.4667622,19.4568004],[-71.4668056,19.4553789],[-71.4668298,19.4551033],[-71.4667986,19.4548909],[-71.4667949,19.4546515],[-71.4666891,19.4541474],[-71.466653,19.4536157],[-71.4666859,19.4530033],[-71.4669128,19.4522418],[-71.4671155,19.4517335],[-71.4678786,19.4502597],[-71.4680136,19.449912],[-71.4680512,19.4496188],[-71.4679614,19.4492475],[-71.467816,19.4489035],[-71.4676155,19.4486269],[-71.4674574,19.4483763],[-71.4671297,19.4480348],[-71.4667602,19.4477206],[-71.4663233,19.447455],[-71.4658674,19.4471074],[-71.4655405,19.4468192],[-71.4648746,19.4463759],[-71.4647324,19.4462448],[-71.4646863,19.4459793],[-71.4648251,19.4458843],[-71.4650646,19.4458209],[-71.4652578,19.4457454],[-71.4654819,19.445729],[-71.4656634,19.4456733],[-71.4655394,19.4454164],[-71.4654757,19.4453724],[-71.4653553,19.4452393],[-71.465362,19.4451569],[-71.465448,19.4451109],[-71.4655582,19.4450944],[-71.4656442,19.4450408],[-71.4656586,19.4449508],[-71.4655942,19.4448619],[-71.4655929,19.4447796],[-71.4655697,19.4446808],[-71.4655684,19.444591],[-71.4656217,19.444463],[-71.4657915,19.4442138],[-71.4660175,19.4440311],[-71.4667451,19.4436321],[-71.4669169,19.4435175],[-71.467104,19.4433652],[-71.467363,19.4432794],[-71.4676359,19.4430662],[-71.4678146,19.4428841],[-71.4678824,19.4428046],[-71.4679065,19.4426359],[-71.467903,19.4424044],[-71.4678538,19.4420852],[-71.4678775,19.4418954],[-71.4678033,19.4413871],[-71.4677622,19.4412795],[-71.4674239,19.4410863],[-71.4669441,19.4405705],[-71.4664591,19.4397065],[-71.4661059,19.4388905],[-71.4651957,19.4381966],[-71.4650244,19.4385334],[-71.4646757,19.4387891],[-71.4640575,19.4387138],[-71.4633486,19.4384726],[-71.4626385,19.4381477],[-71.4621033,19.4377368],[-71.4616873,19.4374979],[-71.461392,19.4373283],[-71.4607712,19.4370858],[-71.4605018,19.4367549],[-71.4605811,19.4361684],[-71.4606604,19.4355819],[-71.460741,19.435079],[-71.4608241,19.4347434],[-71.4608152,19.4341581],[-71.4605446,19.4337436],[-71.4600963,19.4332478],[-71.4596494,19.4328357],[-71.459288,19.4322552],[-71.4591055,19.4318395],[-71.4589229,19.4314238],[-71.4587461,19.4307896],[-71.459011,19.4306913],[-71.4596279,19.4306829],[-71.4600554,19.4304434],[-71.4602398,19.4303401],[-71.4608157,19.4304004],[-71.4609461,19.4304141],[-71.4614531,19.4304072],[-71.4616512,19.4304046],[-71.4619999,19.4301489],[-71.4620854,19.4298389],[-71.462123,19.4297024],[-71.4621918,19.4295774],[-71.4623399,19.429308],[-71.462331,19.4287227],[-71.4623278,19.428508],[-71.4623278,19.4285055],[-71.4623197,19.4279701],[-71.4623121,19.4274684],[-71.4625689,19.4269632],[-71.463047,19.426486],[-71.463056,19.4264769],[-71.4637876,19.425943],[-71.4639728,19.4257923],[-71.4643101,19.4255178],[-71.4649232,19.4252585],[-71.4655822,19.4252496],[-71.4656282,19.425249],[-71.4664239,19.4254054],[-71.4672183,19.4254782],[-71.4677471,19.4254711],[-71.4681852,19.4252978],[-71.4680882,19.4247137],[-71.4679309,19.4245397],[-71.4677947,19.4243891],[-71.46764,19.424218],[-71.4671931,19.4238059],[-71.4666593,19.4234787],[-71.4666555,19.4232278],[-71.4669161,19.4229734],[-71.4674423,19.422799],[-71.4679673,19.4225409],[-71.4683147,19.4222017],[-71.468113,19.4218542],[-71.4679509,19.4214539],[-71.4675026,19.4209582],[-71.4669663,19.4204637],[-71.4665219,19.4202189],[-71.4659894,19.4199752],[-71.4654606,19.4199824],[-71.4649344,19.4201568],[-71.4643188,19.4202488],[-71.4637887,19.4201724],[-71.4633418,19.4197603],[-71.4634224,19.4192574],[-71.4633279,19.4188405],[-71.4628848,19.4186792],[-71.4622629,19.4183531],[-71.4616448,19.4182779],[-71.4610191,19.4177009],[-71.4606578,19.4171204],[-71.4606502,19.4166187],[-71.4608189,19.4161146],[-71.4614307,19.4157718],[-71.4620463,19.4156798],[-71.46275,19.4155866],[-71.4627537,19.4155854],[-71.4632763,19.4154122],[-71.4639787,19.4152354],[-71.464505,19.415061],[-71.465118,19.4148018],[-71.465643,19.4145438],[-71.4662445,19.4142067],[-71.4662548,19.4142009],[-71.4661675,19.4137444],[-71.4661591,19.4137004],[-71.466388,19.4131175],[-71.4666463,19.412606],[-71.4668321,19.4119928],[-71.4669095,19.4117165],[-71.4669355,19.4116235],[-71.4669866,19.4114414],[-71.4669986,19.4113983],[-71.4670182,19.4113598],[-71.4671312,19.4111375],[-71.4671414,19.4111367],[-71.4674625,19.4111144],[-71.4677759,19.4112027],[-71.4685216,19.4115072],[-71.4688539,19.411695],[-71.4690331,19.4117963],[-71.4694034,19.4117728],[-71.4695339,19.4117119],[-71.4697714,19.4116012],[-71.4703867,19.4110192],[-71.4705779,19.4105686],[-71.4706315,19.4104421],[-71.470626,19.4100721],[-71.4705989,19.4100406],[-71.4703281,19.4097245],[-71.4697598,19.4095472],[-71.4691288,19.4090931],[-71.4689928,19.4089287],[-71.468811,19.4087088],[-71.468865,19.408412],[-71.4690713,19.4083601],[-71.469409,19.408275],[-71.4694168,19.4082758],[-71.4701122,19.4083395],[-71.4706392,19.4085498],[-71.4707245,19.4085838],[-71.4707401,19.4085901],[-71.4709311,19.4086595],[-71.4714265,19.4088398],[-71.4722277,19.4089399],[-71.4724846,19.4088676],[-71.4728492,19.4087649],[-71.4729151,19.408716],[-71.4733314,19.4084067],[-71.473564,19.407949],[-71.4736344,19.4078104],[-71.4736438,19.4071441],[-71.4735819,19.407001],[-71.4733811,19.4065369],[-71.473187,19.4064394],[-71.4729523,19.4063214],[-71.4727718,19.4062306],[-71.4724576,19.4060869],[-71.4724913,19.4057348],[-71.4728955,19.4053777],[-71.4734966,19.4051474],[-71.4737133,19.4051681],[-71.4739472,19.4051905],[-71.4740044,19.405196],[-71.4741204,19.405039],[-71.4742529,19.4048595],[-71.474248,19.4047844],[-71.474236,19.4046016],[-71.4742282,19.4044812],[-71.4742275,19.4044712],[-71.4738633,19.404256],[-71.4736765,19.4041456],[-71.4734564,19.4039879],[-71.4733216,19.4038914],[-71.4731997,19.4035755],[-71.4731795,19.4035232],[-71.4731099,19.4032807],[-71.4729942,19.402878],[-71.4730008,19.4021704],[-71.473001,19.4021574],[-71.4730166,19.4004904],[-71.4728943,19.4001404],[-71.47285,19.4000022],[-71.4728449,19.3999864],[-71.4727505,19.3996612],[-71.472414,19.3993327],[-71.4723689,19.3993099],[-71.4723321,19.3992914],[-71.4722941,19.3992722],[-71.4722415,19.3992457],[-71.472021,19.3991345],[-71.471514,19.3991414],[-71.4713833,19.3993274],[-71.471304,19.3994403],[-71.4710921,19.3995177],[-71.4709354,19.3995749],[-71.4708813,19.3995397],[-71.4708283,19.3995053],[-71.4706006,19.3993574],[-71.4702039,19.3989186],[-71.4699912,19.398625],[-71.4699251,19.3985338],[-71.4698819,19.3982568],[-71.4700605,19.3980531],[-71.470227,19.3978634],[-71.4703526,19.3976247],[-71.4705114,19.3973229],[-71.4705173,19.3968791],[-71.4705205,19.396638],[-71.470264,19.3965132],[-71.4700063,19.3963877],[-71.4698918,19.396332],[-71.4696151,19.3961674],[-71.4695573,19.396133],[-71.4695301,19.3959486],[-71.4695223,19.3958956],[-71.4695138,19.3958374],[-71.4696234,19.3957304],[-71.4696495,19.395705],[-71.4698213,19.3955372],[-71.4700103,19.395234],[-71.4700275,19.3952064],[-71.4700308,19.3952012],[-71.4701355,19.3943855],[-71.4700485,19.393781],[-71.4700265,19.3936282],[-71.4699664,19.3935573],[-71.4695301,19.3930428],[-71.4694539,19.3925803],[-71.4694476,19.3921622],[-71.4697351,19.3921035],[-71.4698869,19.3920726],[-71.4705918,19.392063],[-71.4711179,19.3918886],[-71.4711972,19.3913021],[-71.4709746,19.3910457],[-71.4709716,19.3910422],[-71.4708385,19.3908888],[-71.4703111,19.3909796],[-71.4699599,19.391068],[-71.4693431,19.3910764],[-71.4691606,19.3906607],[-71.4695071,19.3900185],[-71.4699334,19.3893121],[-71.4701864,19.3885559],[-71.4706155,19.3877974],[-71.4707791,19.3869589],[-71.4710298,19.3862957],[-71.4710334,19.3862863],[-71.4708508,19.3858707],[-71.470404,19.3854586],[-71.470044,19.3849617],[-71.470102,19.3844314],[-71.470042,19.3839513],[-71.4696208,19.3837323],[-71.4695976,19.3837617],[-71.4695845,19.3837134],[-71.4692409,19.3843035],[-71.4689842,19.3848088],[-71.4686393,19.3853153],[-71.4682064,19.385823],[-71.4676752,19.3856629],[-71.4673152,19.385166],[-71.4670421,19.3845843],[-71.4669426,19.3838329],[-71.46711,19.3832452],[-71.4675159,19.3826219],[-71.4680603,19.3819778],[-71.4685839,19.3816362],[-71.4687928,19.3813293],[-71.4688899,19.3811868],[-71.4689287,19.3811297],[-71.4695391,19.3807032],[-71.4703283,19.3804416],[-71.4709425,19.380266],[-71.4714661,19.3799244],[-71.4716309,19.3791694],[-71.4716304,19.3791675],[-71.471517,19.3787618],[-71.4714446,19.3785029],[-71.4713957,19.3784113],[-71.4711211,19.377897],[-71.4709103,19.3774752],[-71.4707184,19.377091],[-71.4707666,19.3766771],[-71.4707964,19.3764209],[-71.4708693,19.3754163],[-71.4711185,19.3744093],[-71.4711092,19.3737891],[-71.4716242,19.3737002],[-71.4722167,19.3734496],[-71.4722371,19.373441],[-71.4725327,19.3734929],[-71.4726789,19.3735186],[-71.47321,19.3736786],[-71.473342,19.3736977],[-71.4737398,19.373755],[-71.4740029,19.3736678],[-71.474174,19.373331],[-71.4741797,19.3732889],[-71.4742533,19.3727445],[-71.4743351,19.3723252],[-71.4743335,19.3722234],[-71.4743275,19.3718235],[-71.474588,19.371569],[-71.4749404,19.3715643],[-71.475356,19.3716711],[-71.4760089,19.3717977],[-71.4764469,19.3721292],[-71.4767188,19.3726273],[-71.477012,19.372931],[-71.4770826,19.373375],[-71.4773507,19.3736223],[-71.4778818,19.3737823],[-71.4784091,19.3736915],[-71.4784142,19.3736907],[-71.4790246,19.3735994],[-71.4797268,19.3734226],[-71.4799045,19.3734508],[-71.4806985,19.3735766],[-71.4810577,19.373129],[-71.4817468,19.3729769],[-71.4817147,19.372792],[-71.4816717,19.3725444],[-71.481821,19.3720559],[-71.4814572,19.3713082],[-71.4814496,19.3708065],[-71.4818875,19.3706333],[-71.4822374,19.3704612],[-71.4822867,19.3704131],[-71.4825847,19.370122],[-71.4831108,19.3699475],[-71.4836381,19.3698567],[-71.4839867,19.369601],[-71.48427,19.3694344],[-71.4844233,19.3693442],[-71.4847681,19.3688377],[-71.484885,19.3684819],[-71.4846661,19.3679191],[-71.4847466,19.3674162],[-71.4847377,19.3668309],[-71.4846631,19.3666283],[-71.4846458,19.3665813],[-71.4845357,19.3666128],[-71.4840317,19.3667569],[-71.4838562,19.3665951],[-71.4836742,19.3664273],[-71.4830563,19.3663521],[-71.4826988,19.3660224],[-71.4831304,19.3654311],[-71.4834646,19.3651046],[-71.4836514,19.3649222],[-71.4841711,19.3643297],[-71.4846027,19.3637384],[-71.4848619,19.3634003],[-71.4849424,19.3628974],[-71.4850135,19.3625616],[-71.4850809,19.3622432],[-71.4848566,19.3617702],[-71.4848366,19.361728],[-71.4843004,19.3612335],[-71.4840298,19.3608191],[-71.4839316,19.3601514],[-71.4841895,19.3597297],[-71.4842321,19.3596964],[-71.4846249,19.3593892],[-71.4846173,19.3588875],[-71.4841692,19.3583918],[-71.4834569,19.3578998],[-71.4830969,19.3574029],[-71.4822122,19.3571641],[-71.4822104,19.3571659],[-71.4822013,19.3571621],[-71.4819366,19.3571156],[-71.4813288,19.3570088],[-71.4812493,19.3569932],[-71.4808788,19.3569203],[-71.4805335,19.3568524],[-71.4800854,19.3563567],[-71.479811,19.3556914],[-71.479589,19.3555277],[-71.4793655,19.355363],[-71.4787936,19.3549678],[-71.4787452,19.3549344],[-71.4786532,19.3548709],[-71.4782895,19.3541231],[-71.4779296,19.3536262],[-71.4778314,19.3529585],[-71.4777306,19.3521235],[-71.4780767,19.3517007],[-71.4785121,19.3513602],[-71.4789462,19.3509361],[-71.4790885,19.3506561],[-71.4792029,19.3504308],[-71.4793715,19.3499268],[-71.4802979,19.3495153],[-71.4805609,19.3493985],[-71.4808577,19.3495077],[-71.4815179,19.3497873],[-71.4818809,19.3487235],[-71.481561,19.3483674],[-71.4813239,19.3481035],[-71.4810698,19.3474048],[-71.4813728,19.3465698],[-71.4819626,19.3461987],[-71.4820989,19.3461129],[-71.4826319,19.3455277],[-71.4827169,19.3429302],[-71.4832739,19.3424733],[-71.4846899,19.3428175],[-71.4853439,19.3425196],[-71.485901,19.3425436],[-71.4860099,19.3419935],[-71.485914,19.3415728],[-71.4857679,19.3406896],[-71.4858934,19.3402091],[-71.4861319,19.3394881],[-71.486023,19.3386858],[-71.4853929,19.3383535],[-71.4852354,19.3379759],[-71.485187,19.3378596],[-71.485696,19.3374599],[-71.4860029,19.337415],[-71.486786,19.3373005],[-71.4871343,19.3373418],[-71.487657,19.3374038],[-71.4881409,19.3370946],[-71.4879841,19.3362592],[-71.4880073,19.3361519],[-71.4880442,19.335981],[-71.488142,19.3355278],[-71.4883712,19.3353737],[-71.4889773,19.334966],[-71.489146,19.3348526],[-71.4893522,19.3348669],[-71.490309,19.3349337],[-71.4913501,19.3346125],[-71.4923791,19.3345442],[-71.4935052,19.3347523],[-71.4941702,19.3346619],[-71.4944132,19.3340423],[-71.4955767,19.3335133],[-71.4956677,19.333472],[-71.4964354,19.3332457],[-71.496688,19.3331713],[-71.4976489,19.3329278],[-71.4980177,19.3326971],[-71.498161,19.3326075],[-71.4984738,19.3324119],[-71.4985682,19.3323531],[-71.498656,19.3323271],[-71.4996141,19.3320432],[-71.5004199,19.3315171],[-71.5007095,19.3315154],[-71.5008842,19.3316098],[-71.5011945,19.3317774],[-71.5018776,19.3319009],[-71.502983,19.3321006],[-71.5047355,19.3320987],[-71.5047577,19.3320926],[-71.5051735,19.3316354],[-71.5058004,19.3311451],[-71.5064979,19.3311355],[-71.5070071,19.3312489],[-71.5081477,19.331173],[-71.5091514,19.3304366],[-71.5096476,19.3297072],[-71.5104564,19.3286725],[-71.5126052,19.3281611],[-71.5158872,19.3270922],[-71.5183271,19.3232524],[-71.5194152,19.3215629],[-71.5196747,19.3203256]]]}},{"type":"Feature","properties":{"place_id":305077695,"osm_type":"relation","osm_id":7390991,"place_rank":12,"category":"boundary","type":"administrative","importance":0.40363877862033115,"addresstype":"county","name":"San Ignacio de Sabaneta","display_name":"San Ignacio de Sabaneta, Santiago Rodríguez, 62903, República Dominicana","address":{"county":"San Ignacio de Sabaneta","state":"Santiago Rodríguez","ISO3166-2-lvl4":"DO-26","postcode":"62903","country":"República Dominicana","country_code":"do"}},"bbox":[-71.4680512,19.1683860,-71.1771184,19.5698735],"geometry":{"type":"Polygon","coordinates":[[[-71.4680512,19.4496188],[-71.4679614,19.4492475],[-71.467816,19.4489035],[-71.4676155,19.4486269],[-71.4674574,19.4483763],[-71.4671297,19.4480348],[-71.4667602,19.4477206],[-71.4663233,19.447455],[-71.4658674,19.4471074],[-71.4655405,19.4468192],[-71.4648746,19.4463759],[-71.4647324,19.4462448],[-71.4646863,19.4459793],[-71.4648251,19.4458843],[-71.4650646,19.4458209],[-71.4652578,19.4457454],[-71.4654819,19.445729],[-71.4656634,19.4456733],[-71.4655394,19.4454164],[-71.4654757,19.4453724],[-71.4653553,19.4452393],[-71.465362,19.4451569],[-71.465448,19.4451109],[-71.4655582,19.4450944],[-71.4656442,19.4450408],[-71.4656586,19.4449508],[-71.4655942,19.4448619],[-71.4655929,19.4447796],[-71.4655697,19.4446808],[-71.4655684,19.444591],[-71.4656217,19.444463],[-71.4657915,19.4442138],[-71.4660175,19.4440311],[-71.4667451,19.4436321],[-71.4669169,19.4435175],[-71.467104,19.4433652],[-71.467363,19.4432794],[-71.4676359,19.4430662],[-71.4678146,19.4428841],[-71.4678824,19.4428046],[-71.4679065,19.4426359],[-71.467903,19.4424044],[-71.4678538,19.4420852],[-71.4678775,19.4418954],[-71.4678033,19.4413871],[-71.4677622,19.4412795],[-71.4674239,19.4410863],[-71.4669441,19.4405705],[-71.4664591,19.4397065],[-71.4661059,19.4388905],[-71.4651957,19.4381966],[-71.4650244,19.4385334],[-71.4646757,19.4387891],[-71.4640575,19.4387138],[-71.4633486,19.4384726],[-71.4626385,19.4381477],[-71.4621033,19.4377368],[-71.4616873,19.4374979],[-71.4615151,19.4377229],[-71.4612728,19.4380084],[-71.4609994,19.438265],[-71.4607002,19.4384993],[-71.4604039,19.4387359],[-71.4601264,19.4389925],[-71.4598453,19.4392447],[-71.4595366,19.4394634],[-71.4592092,19.4396597],[-71.4588755,19.4398471],[-71.4585852,19.4400768],[-71.458022,19.4405408],[-71.4577046,19.4408141],[-71.4575561,19.4409955],[-71.4573322,19.4411958],[-71.4570136,19.4413795],[-71.4564484,19.4415127],[-71.4560543,19.4417154],[-71.4558137,19.4420594],[-71.4555361,19.4424578],[-71.4552955,19.4428018],[-71.4546192,19.443098],[-71.4539992,19.4433575],[-71.4534907,19.4434899],[-71.4529816,19.4435865],[-71.4527168,19.443617],[-71.4525503,19.4436685],[-71.4522244,19.4436864],[-71.4518268,19.4436514],[-71.4514731,19.4436562],[-71.4514328,19.4436971],[-71.4511932,19.4439382],[-71.4498937,19.4455813],[-71.4478631,19.4473155],[-71.4467248,19.44855],[-71.4444261,19.4495564],[-71.4414777,19.4500838],[-71.4407097,19.4509165],[-71.440175,19.4509964],[-71.4393854,19.4512579],[-71.4391165,19.4513347],[-71.4387709,19.4514334],[-71.4382521,19.4521095],[-71.4378188,19.4526171],[-71.4373844,19.4530411],[-71.4370368,19.4533803],[-71.4364223,19.4535559],[-71.4361991,19.4534329],[-71.4359778,19.4533109],[-71.4354103,19.453386],[-71.4352739,19.453404],[-71.4343093,19.4537515],[-71.4336947,19.453927],[-71.432928,19.4540745],[-71.4326457,19.4545266],[-71.4325025,19.4548565],[-71.4319518,19.4552886],[-71.4313397,19.4556313],[-71.430899,19.4556372],[-71.4306283,19.4552227],[-71.4306221,19.4548046],[-71.4301789,19.4546433],[-71.4299107,19.454396],[-71.4293793,19.4542358],[-71.4286729,19.4541617],[-71.4283166,19.4539155],[-71.4281454,19.453521],[-71.4288506,19.4535115],[-71.42911,19.4531735],[-71.4292014,19.452963],[-71.4293657,19.4525847],[-71.4293922,19.4521812],[-71.4294,19.4520626],[-71.4291516,19.4517679],[-71.4289982,19.451586],[-71.4283737,19.4510925],[-71.4280574,19.4508496],[-71.4278386,19.4506815],[-71.4272154,19.4502717],[-71.4265053,19.4499467],[-71.425824,19.449476],[-71.4257927,19.4494544],[-71.4254764,19.4492464],[-71.4251694,19.4490446],[-71.4249294,19.4490194],[-71.424463,19.4489704],[-71.4238423,19.4487278],[-71.4232179,19.4482343],[-71.4232169,19.4481704],[-71.4232113,19.4477945],[-71.4232092,19.447649],[-71.4232899,19.4471461],[-71.4236387,19.4468905],[-71.4239875,19.446635],[-71.424067,19.4460485],[-71.4242308,19.4452099],[-71.4243972,19.4445386],[-71.4244779,19.4440358],[-71.4249136,19.4436954],[-71.4249909,19.4431174],[-71.4250651,19.4425767],[-71.4250725,19.4425224],[-71.4253307,19.4421008],[-71.4255986,19.4419692],[-71.4258558,19.4418428],[-71.4265597,19.4417498],[-71.4270836,19.4414082],[-71.4275205,19.4411515],[-71.4281325,19.4408087],[-71.4284776,19.4403023],[-71.4287118,19.4399587],[-71.4288227,19.4397959],[-71.4289021,19.4392094],[-71.4289841,19.4387901],[-71.429421,19.4385334],[-71.4300712,19.4382927],[-71.4307233,19.4380929],[-71.4313315,19.4377812],[-71.4313335,19.4377749],[-71.4313376,19.437778],[-71.4316058,19.4372496],[-71.4318486,19.4366276],[-71.4319268,19.4359575],[-71.4319862,19.4356947],[-71.4320739,19.4351647],[-71.4322748,19.4347541],[-71.4327301,19.4343098],[-71.433234,19.4339253],[-71.4338633,19.4334032],[-71.4342549,19.4329597],[-71.4346307,19.4325316],[-71.4350618,19.4319977],[-71.4354969,19.4292849],[-71.4353461,19.4271443],[-71.4355501,19.4248861],[-71.4355396,19.4241797],[-71.4355329,19.4237276],[-71.4353078,19.4237306],[-71.4348308,19.4237916],[-71.4343964,19.4242156],[-71.434354,19.4246245],[-71.4342351,19.4252214],[-71.4340651,19.4256419],[-71.4337994,19.4255618],[-71.4334469,19.4255665],[-71.4332656,19.4252344],[-71.4330977,19.4249267],[-71.4330844,19.4249023],[-71.4329948,19.4249248],[-71.4327331,19.4249906],[-71.4324712,19.4251614],[-71.4322106,19.4254158],[-71.432218,19.4259175],[-71.4322399,19.4259864],[-71.42932,19.4295935],[-71.4287164,19.4303059],[-71.4266013,19.4317171],[-71.4265489,19.4316913],[-71.4263891,19.4315603],[-71.426303,19.4314898],[-71.4260562,19.4312242],[-71.4260055,19.4311103],[-71.4258748,19.430817],[-71.4255569,19.4303092],[-71.4253205,19.4298388],[-71.4251531,19.4294698],[-71.4250985,19.4291264],[-71.4250638,19.4289077],[-71.4250733,19.4286388],[-71.4251444,19.4279722],[-71.4250993,19.4276655],[-71.4250398,19.4272951],[-71.4249562,19.427117],[-71.4249478,19.4271001],[-71.4248867,19.4269771],[-71.42471,19.4268899],[-71.424574,19.4268149],[-71.4244954,19.4267842],[-71.424479,19.4267777],[-71.4244476,19.4267757],[-71.4243169,19.4267671],[-71.4240891,19.4268726],[-71.4238491,19.4270678],[-71.42384,19.4270824],[-71.4237041,19.4273001],[-71.4236604,19.4274766],[-71.4236023,19.4277111],[-71.4235668,19.4280435],[-71.4235667,19.4280444],[-71.4235668,19.4280454],[-71.4236131,19.4284406],[-71.4236724,19.4287983],[-71.4235861,19.4293499],[-71.4234979,19.4297735],[-71.4234472,19.4299918],[-71.4234257,19.4300249],[-71.4233549,19.4301338],[-71.4230596,19.4302402],[-71.4227083,19.4302065],[-71.4224365,19.4300821],[-71.4221616,19.4297401],[-71.4220472,19.4293064],[-71.4219456,19.4288213],[-71.42192,19.4285213],[-71.4219129,19.4284377],[-71.4218952,19.4281564],[-71.4218913,19.4278876],[-71.4217921,19.4275689],[-71.4216904,19.4273917],[-71.4216603,19.4273393],[-71.4216536,19.4273275],[-71.4216112,19.4272001],[-71.4214467,19.427023],[-71.4212966,19.4269098],[-71.421079,19.4267975],[-71.4209033,19.4267743],[-71.4204839,19.4267031],[-71.4200919,19.4266571],[-71.4200637,19.4266535],[-71.4195512,19.4265875],[-71.4192265,19.4265278],[-71.4187665,19.4264443],[-71.4186048,19.426436],[-71.4181723,19.4264139],[-71.4178755,19.4264178],[-71.4175516,19.4264093],[-71.4171474,19.4264531],[-71.4170204,19.426484],[-71.4167575,19.4265479],[-71.4163393,19.4265535],[-71.415969,19.4265399],[-71.4158263,19.4265347],[-71.4154998,19.4264403],[-71.4154876,19.4264368],[-71.4153509,19.4263234],[-71.4150452,19.4261801],[-71.4149866,19.4260379],[-71.4147709,19.4255147],[-71.4142855,19.4252924],[-71.4140609,19.4251896],[-71.4135223,19.4245277],[-71.4133622,19.4241629],[-71.4133442,19.4241216],[-71.4131569,19.4236923],[-71.4130581,19.4229448],[-71.4128991,19.4220548],[-71.4127766,19.4217218],[-71.4127751,19.4217177],[-71.4126331,19.4213313],[-71.4124988,19.4209223],[-71.4123148,19.420362],[-71.4119463,19.4192796],[-71.4118771,19.4191373],[-71.4115826,19.4185317],[-71.4114015,19.4181996],[-71.4108715,19.418123],[-71.4108349,19.4181284],[-71.4104887,19.4181801],[-71.4102558,19.4182148],[-71.4100716,19.4181948],[-71.4097633,19.4180282],[-71.4096057,19.4178639],[-71.4095624,19.4176725],[-71.4096124,19.417403],[-71.4096892,19.4171203],[-71.4098967,19.4165543],[-71.4100631,19.4159377],[-71.4102413,19.4152184],[-71.4102527,19.4150775],[-71.4102486,19.4147987],[-71.4102482,19.4147703],[-71.4102158,19.4143995],[-71.4101183,19.414196],[-71.4098449,19.4139564],[-71.4095806,19.4137811],[-71.4095451,19.4137575],[-71.4095043,19.4137305],[-71.4093079,19.4137111],[-71.4090018,19.4135067],[-71.4086897,19.4133829],[-71.4083654,19.4133488],[-71.4080963,19.4134035],[-71.4078427,19.4135861],[-71.4076825,19.4137034],[-71.4075633,19.4137724],[-71.4073882,19.4138738],[-71.407162,19.4139107],[-71.4071324,19.4139156],[-71.4071213,19.4139151],[-71.4068894,19.413906],[-71.4066717,19.4137809],[-71.4065488,19.4136801],[-71.4064375,19.4134511],[-71.4065012,19.4131943],[-71.4066531,19.4129936],[-71.4068324,19.4127802],[-71.4071246,19.4124691],[-71.4073118,19.4123514],[-71.4075233,19.4122293],[-71.4077827,19.4118913],[-71.4077753,19.4113896],[-71.4075917,19.4108902],[-71.4071412,19.4102271],[-71.4069236,19.4097893],[-71.4066871,19.4093132],[-71.4066774,19.4086542],[-71.406676,19.4085606],[-71.4063369,19.4080922],[-71.4063161,19.4080635],[-71.4055181,19.4077396],[-71.4049832,19.4073285],[-71.4050639,19.4068256],[-71.4056309,19.406581],[-71.405632,19.4065787],[-71.40564,19.4065619],[-71.4059376,19.4065964],[-71.4059457,19.406615],[-71.4062071,19.4066432],[-71.4067346,19.4065526],[-71.4073502,19.4064608],[-71.407967,19.4064526],[-71.4079879,19.4064423],[-71.4084921,19.4061947],[-71.4090171,19.4059368],[-71.409357,19.4051995],[-71.4092642,19.4047627],[-71.4091675,19.4041785],[-71.4093376,19.4037581],[-71.4092396,19.4030903],[-71.4090562,19.4027954],[-71.4088785,19.4025096],[-71.4086673,19.4023988],[-71.4082567,19.4021833],[-71.4076362,19.4019406],[-71.4069288,19.4017827],[-71.4067464,19.401367],[-71.406739,19.4008653],[-71.4068293,19.4007179],[-71.4069033,19.400597],[-71.4069972,19.4004437],[-71.4070153,19.4004377],[-71.4077866,19.4001823],[-71.4084878,19.3999221],[-71.4087829,19.3998055],[-71.408926,19.399749],[-71.409544,19.3998245],[-71.4101633,19.3999835],[-71.4106945,19.4001437],[-71.4112232,19.4001367],[-71.4113933,19.3997163],[-71.4114715,19.3990462],[-71.4113736,19.3983784],[-71.4111887,19.3977954],[-71.4107407,19.3972995],[-71.4101202,19.3970568],[-71.4097095,19.3969652],[-71.4094128,19.3968989],[-71.4087091,19.3969919],[-71.4085904,19.3969375],[-71.4081767,19.3967481],[-71.407861,19.3965152],[-71.4109228,19.3966479],[-71.4153619,19.3970117],[-71.4160671,19.3966659],[-71.4168813,19.3961811],[-71.4175751,19.3954191],[-71.4183619,19.3949905],[-71.4190557,19.3942285],[-71.4194864,19.3935537],[-71.4198339,19.3932146],[-71.419824,19.3925456],[-71.4201678,19.3919556],[-71.4207821,19.3917801],[-71.421277,19.3912658],[-71.4220939,19.3910936],[-71.4226819,19.3905358],[-71.4233089,19.3898228],[-71.4235621,19.3890668],[-71.4235535,19.3884814],[-71.4237369,19.3875707],[-71.4238322,19.386943],[-71.4238787,19.3866371],[-71.4240838,19.3857361],[-71.4241269,19.3855466],[-71.4242907,19.384708],[-71.4245427,19.3838683],[-71.4249721,19.3831099],[-71.4250216,19.3830453],[-71.4263026,19.3831232],[-71.4332617,19.3830679],[-71.4333016,19.3830934],[-71.4348138,19.3832685],[-71.4350201,19.3832265],[-71.4353676,19.3828873],[-71.435438,19.3823613],[-71.4358863,19.3822113],[-71.4363231,19.3819545],[-71.4364015,19.3818755],[-71.436782,19.3814921],[-71.4371023,19.3810241],[-71.4372396,19.3807542],[-71.4373592,19.3805188],[-71.4375173,19.380403],[-71.4375303,19.3803864],[-71.4377079,19.3802632],[-71.4377964,19.379977],[-71.4378034,19.3799663],[-71.4378184,19.3799342],[-71.4378611,19.379825],[-71.4379606,19.3792497],[-71.4380863,19.3791244],[-71.4384715,19.3787405],[-71.4386296,19.3782813],[-71.4389747,19.3782468],[-71.4396904,19.3780858],[-71.4400848,19.3777776],[-71.440278,19.3773585],[-71.4407139,19.3771633],[-71.441392,19.3771542],[-71.4419488,19.3770332],[-71.4423403,19.3765357],[-71.4425296,19.3758517],[-71.4425565,19.3749805],[-71.4421862,19.3742282],[-71.4417783,19.3736279],[-71.4414525,19.373178],[-71.4414457,19.3727237],[-71.4413272,19.3719783],[-71.4417193,19.3715315],[-71.4399558,19.3714698],[-71.4366441,19.3713194],[-71.4320899,19.3714934],[-71.429078,19.3716698],[-71.4287375,19.3716741],[-71.4281469,19.3716814],[-71.4274572,19.3716899],[-71.4270062,19.3716955],[-71.4266732,19.3719144],[-71.4263024,19.3721023],[-71.4259586,19.3723213],[-71.4256559,19.3725805],[-71.425365,19.3728576],[-71.425065,19.3731212],[-71.4247504,19.3733715],[-71.4244297,19.3736151],[-71.4241021,19.3738475],[-71.4237652,19.3740665],[-71.4237411,19.3740794],[-71.4233661,19.3737719],[-71.4226142,19.3731998],[-71.4220135,19.3728021],[-71.4214508,19.3724568],[-71.4211145,19.3723378],[-71.4208889,19.3721644],[-71.4205892,19.3720096],[-71.4201166,19.3719622],[-71.4198255,19.3718963],[-71.4193023,19.3717092],[-71.4187775,19.3714163],[-71.4184768,19.371191],[-71.4182682,19.3709116],[-71.4181507,19.3705074],[-71.4180281,19.370192],[-71.4177321,19.3702428],[-71.4172928,19.3703323],[-71.4165905,19.3705089],[-71.4160804,19.3705157],[-71.4160619,19.3705159],[-71.4158881,19.3706855],[-71.4159809,19.3710179],[-71.4159812,19.3710188],[-71.4163397,19.3714322],[-71.4165221,19.371848],[-71.4166164,19.3722649],[-71.4167987,19.3726807],[-71.4167193,19.3732672],[-71.4163706,19.3735227],[-71.41593,19.3735286],[-71.4154157,19.3732929],[-71.4153977,19.3732847],[-71.4153933,19.3732579],[-71.415301,19.3727006],[-71.4150293,19.3722023],[-71.4148936,19.372046],[-71.4146707,19.3717889],[-71.4143121,19.3713755],[-71.413781,19.3712153],[-71.4134299,19.3713036],[-71.4131668,19.3713907],[-71.4130848,19.37181],[-71.4131803,19.3723105],[-71.4132771,19.3728947],[-71.4133642,19.3730934],[-71.4134594,19.3733105],[-71.4137311,19.3738087],[-71.4137348,19.3740595],[-71.4134742,19.3743139],[-71.4130337,19.3743197],[-71.4125969,19.3745764],[-71.41216,19.3748331],[-71.4118125,19.3751723],[-71.4115829,19.3754021],[-71.411027,19.3756845],[-71.4105877,19.375774],[-71.4105281,19.3757799],[-71.4096198,19.3758704],[-71.408828,19.3759646],[-71.408266,19.3761528],[-71.4079936,19.3763427],[-71.4078742,19.3761777],[-71.4078909,19.3756701],[-71.4076857,19.3753438],[-71.4071533,19.3751],[-71.4066284,19.3753578],[-71.4062809,19.375697],[-71.405751,19.3756203],[-71.4055674,19.375121],[-71.4053826,19.374538],[-71.4050241,19.3741245],[-71.404493,19.3739643],[-71.4039705,19.3743894],[-71.4035312,19.3744788],[-71.403087,19.3742338],[-71.4027248,19.3735694],[-71.4021876,19.3729911],[-71.4016516,19.3724964],[-71.4011168,19.3720852],[-71.4004071,19.3717601],[-71.4003985,19.3711747],[-71.4002113,19.3704245],[-71.399936,19.3696754],[-71.3992262,19.3693502],[-71.3986891,19.3687718],[-71.3985912,19.368104],[-71.3981445,19.3676917],[-71.397611,19.3673642],[-71.3968181,19.3673747],[-71.3962883,19.367298],[-71.3957548,19.3669705],[-71.3952176,19.3663921],[-71.394678,19.3656465],[-71.393961,19.3648195],[-71.3932464,19.3641599],[-71.3926175,19.3633318],[-71.3920779,19.3625861],[-71.3914551,19.3621761],[-71.3910171,19.3623492],[-71.3904053,19.3626917],[-71.3899684,19.3629484],[-71.3895279,19.3629542],[-71.3894337,19.3625372],[-71.3896883,19.3618648],[-71.3900297,19.3611076],[-71.3901081,19.3604375],[-71.3900995,19.3598521],[-71.3897422,19.3595223],[-71.3894755,19.3593585],[-71.3889481,19.359449],[-71.3882446,19.3595419],[-71.3883266,19.3591227],[-71.3886717,19.3586163],[-71.388915,19.3581664],[-71.3889201,19.3575258],[-71.3888199,19.3566907],[-71.3886303,19.3557732],[-71.3884431,19.3550229],[-71.3882572,19.3543563],[-71.3880092,19.3539573],[-71.3878963,19.3537755],[-71.3876235,19.3531937],[-71.3876149,19.3526083],[-71.3881399,19.3523505],[-71.3887541,19.3521752],[-71.389104,19.3520033],[-71.389126,19.3513651],[-71.3887322,19.35067],[-71.3882,19.3504261],[-71.3875796,19.3501833],[-71.3866963,19.3500276],[-71.3860735,19.3496176],[-71.3855365,19.3490392],[-71.3853494,19.3482889],[-71.3852331,19.3479961],[-71.3854925,19.3476581],[-71.38592,19.3473655],[-71.3869007,19.3475561],[-71.3878722,19.3477106],[-71.3888424,19.3477815],[-71.3896645,19.3482183],[-71.3899679,19.3483574],[-71.390161,19.348314],[-71.390225,19.3482723],[-71.3902427,19.3480064],[-71.3901757,19.3478438],[-71.3901061,19.3474973],[-71.3901007,19.3471295],[-71.3904194,19.3468392],[-71.3907178,19.346631],[-71.3907988,19.3462825],[-71.3907714,19.3458742],[-71.3911892,19.3455761],[-71.3909164,19.3449943],[-71.3901211,19.3448374],[-71.389677,19.3445924],[-71.3893162,19.3440116],[-71.3890409,19.3432625],[-71.3883253,19.3425192],[-71.3882558,19.3419405],[-71.388225,19.3416841],[-71.388407,19.3405117],[-71.3883683,19.339424],[-71.389013,19.3386455],[-71.389736,19.338427],[-71.389958,19.3383599],[-71.3901045,19.3376449],[-71.3898842,19.3373203],[-71.3896543,19.3369817],[-71.389839,19.3361397],[-71.3901622,19.3355532],[-71.3906834,19.3350445],[-71.3910869,19.3341702],[-71.3908388,19.3336207],[-71.3903887,19.3329575],[-71.3895017,19.3325509],[-71.3890035,19.3321766],[-71.389188,19.3316345],[-71.389459,19.3304502],[-71.3894869,19.3291403],[-71.3893872,19.3281662],[-71.3892578,19.3275944],[-71.3892945,19.3268602],[-71.3891919,19.3264709],[-71.3888435,19.3257756],[-71.3884288,19.3254829],[-71.3884219,19.325036],[-71.3891534,19.3247735],[-71.38912,19.3241757],[-71.3890055,19.3237888],[-71.3885875,19.3232885],[-71.3881365,19.3229851],[-71.3881629,19.3223526],[-71.3883727,19.3218802],[-71.3883681,19.3215823],[-71.3883864,19.321214],[-71.3880111,19.3211263],[-71.3874225,19.3212718],[-71.387001,19.3213112],[-71.3867716,19.3205239],[-71.386688,19.3198003],[-71.3866888,19.3190778],[-71.386453,19.3186451],[-71.3862195,19.3183727],[-71.3859262,19.3181237],[-71.3851642,19.3179846],[-71.3856019,19.317428],[-71.3859557,19.3169176],[-71.3862559,19.3168346],[-71.3868654,19.3164699],[-71.3866477,19.315669],[-71.3865143,19.3148444],[-71.3865492,19.3139837],[-71.3872448,19.3129541],[-71.3876071,19.3122155],[-71.3877919,19.3119192],[-71.3878895,19.3117625],[-71.3881259,19.3114501],[-71.3883481,19.3113933],[-71.3884982,19.3113549],[-71.3888145,19.3115337],[-71.3892066,19.3119304],[-71.389462,19.3120648],[-71.3896262,19.3117646],[-71.3897117,19.3110636],[-71.3897128,19.3103636],[-71.3896165,19.3101897],[-71.3893654,19.309736],[-71.3892866,19.3093126],[-71.3895678,19.3087919],[-71.3900417,19.3082483],[-71.390485,19.3080686],[-71.3911425,19.3076942],[-71.3916546,19.3072744],[-71.3921324,19.3069814],[-71.3926464,19.3066879],[-71.3928833,19.3064093],[-71.3931762,19.3058658],[-71.393506,19.3053558],[-71.3939813,19.3049025],[-71.3940925,19.304305],[-71.3943277,19.3039226],[-71.3949754,19.3036973],[-71.3957876,19.3031922],[-71.3962631,19.3027615],[-71.3971157,19.3017524],[-71.3978301,19.3011582],[-71.3985474,19.3007694],[-71.3991781,19.3002328],[-71.3995746,19.2998543],[-71.3997349,19.3004015],[-71.4003249,19.3013777],[-71.4009361,19.3023488],[-71.401251,19.3022381],[-71.4016303,19.3021631],[-71.4020134,19.3020926],[-71.4023925,19.3020153],[-71.4027587,19.3019112],[-71.4029806,19.3018184],[-71.4031045,19.3017666],[-71.403431,19.3015817],[-71.4037446,19.3013721],[-71.4040506,19.3011446],[-71.4043542,19.3009125],[-71.404661,19.3006895],[-71.4049565,19.3003763],[-71.4052098,19.3000636],[-71.409021,19.2992196],[-71.4123303,19.2989208],[-71.4216931,19.2995297],[-71.4216877,19.2991837],[-71.421381,19.2988558],[-71.4206869,19.2984293],[-71.4206682,19.2983194],[-71.4206387,19.2978726],[-71.4205937,19.2974986],[-71.4203701,19.297052],[-71.420146,19.2965679],[-71.4199833,19.2962329],[-71.4198391,19.2958227],[-71.4198375,19.2954039],[-71.4196667,19.2948322],[-71.4195599,19.2942717],[-71.4194344,19.2937864],[-71.4193302,19.2934131],[-71.4191553,19.2930044],[-71.4188962,19.2927053],[-71.4187285,19.2923711],[-71.4186539,19.2919973],[-71.4186368,19.2916024],[-71.418644,19.2912027],[-71.4186779,19.2908049],[-71.4187956,19.2903924],[-71.418702,19.2899624],[-71.4183514,19.2897729],[-71.4179381,19.2896045],[-71.4176322,19.2893579],[-71.4174475,19.2890262],[-71.4173104,19.2886555],[-71.4171814,19.2882757],[-71.4170206,19.2879143],[-71.4167964,19.2875944],[-71.4165274,19.2872999],[-71.4162505,19.2870101],[-71.4160021,19.2867041],[-71.4158889,19.2863308],[-71.4157225,19.2859875],[-71.4154565,19.2856975],[-71.4151664,19.2854214],[-71.4148696,19.2851499],[-71.4145796,19.284876],[-71.414284,19.2846067],[-71.4139861,19.284342],[-71.4136927,19.2840704],[-71.4134111,19.2837919],[-71.4131515,19.2834928],[-71.4129172,19.2831708],[-71.4126885,19.2828464],[-71.412445,19.2825358],[-71.412167,19.2822573],[-71.4118617,19.2820062],[-71.4115427,19.2817666],[-71.4112136,19.2815361],[-71.4108789,19.2813102],[-71.4105423,19.2810866],[-71.4102079,19.280863],[-71.4098794,19.2806303],[-71.409551,19.2803998],[-71.4092231,19.2801693],[-71.4089003,19.279932],[-71.4085872,19.2796833],[-71.4082818,19.2794254],[-71.4079783,19.2791652],[-71.4076705,19.2789096],[-71.4073524,19.27867],[-71.4069767,19.2784966],[-71.4066209,19.2783116],[-71.4063848,19.2780077],[-71.4061943,19.2776602],[-71.4060181,19.277299],[-71.4058267,19.2769516],[-71.4055911,19.2766431],[-71.4052907,19.2763942],[-71.404942,19.2761843],[-71.4045716,19.2760018],[-71.4042049,19.275826],[-71.4038349,19.2756638],[-71.4034567,19.2755175],[-71.4030764,19.2753735],[-71.4027402,19.2752131],[-71.4023858,19.2749739],[-71.4020193,19.2747417],[-71.4016583,19.2745071],[-71.4013208,19.2742564],[-71.4010246,19.2739826],[-71.4007969,19.2736695],[-71.4006947,19.2732847],[-71.4002251,19.2730781],[-71.4002136,19.2731031],[-71.3997726,19.2734294],[-71.3994863,19.2736387],[-71.3990744,19.2735064],[-71.3983249,19.2733785],[-71.3976804,19.2738001],[-71.3972151,19.2741155],[-71.3963984,19.2743227],[-71.3956928,19.2746864],[-71.3948763,19.2749048],[-71.3938359,19.2746882],[-71.3934574,19.2743816],[-71.3933188,19.273995],[-71.3929924,19.2731617],[-71.3921874,19.2725739],[-71.3917107,19.2721557],[-71.3910018,19.271544],[-71.3901261,19.271052],[-71.3895011,19.2703941],[-71.3893199,19.269604],[-71.3893151,19.2685135],[-71.3888472,19.2671085],[-71.3886762,19.2662031],[-71.3890434,19.2649949],[-71.389674,19.2636771],[-71.3897826,19.2629081],[-71.3897208,19.2620351],[-71.3893971,19.2613755],[-71.3893048,19.2613895],[-71.3892438,19.2615627],[-71.3885925,19.2616165],[-71.3884019,19.2616341],[-71.3881155,19.2616228],[-71.3877011,19.2615678],[-71.3875898,19.2615692],[-71.3871936,19.261665],[-71.3870847,19.2618326],[-71.3869122,19.262001],[-71.38661,19.2620049],[-71.3860513,19.2618612],[-71.3855721,19.2617164],[-71.3853627,19.2615379],[-71.385122,19.26139],[-71.3848009,19.2611827],[-71.3846073,19.2609889],[-71.3844944,19.2608846],[-71.3842866,19.2607074],[-71.3842851,19.2607061],[-71.38414,19.260572],[-71.3840115,19.2604831],[-71.3838032,19.2603801],[-71.3836391,19.2603469],[-71.3834523,19.2603091],[-71.383405,19.26034],[-71.3832959,19.2604924],[-71.3832199,19.2607351],[-71.3830977,19.2610841],[-71.3829422,19.2613278],[-71.3827383,19.2615268],[-71.3826126,19.2616342],[-71.3823745,19.2616675],[-71.3819748,19.2615217],[-71.3814313,19.2613324],[-71.3811738,19.2611243],[-71.3810603,19.2609747],[-71.380929,19.2606894],[-71.3808305,19.2604792],[-71.3807007,19.2602997],[-71.3805713,19.2601503],[-71.3804379,19.2600329],[-71.380233,19.2598526],[-71.3800727,19.2597641],[-71.3799214,19.2597059],[-71.3797688,19.2596472],[-71.3794658,19.2595907],[-71.3793377,19.259532],[-71.3791308,19.2595196],[-71.3789266,19.2596339],[-71.3789099,19.2596433],[-71.3787361,19.2597211],[-71.3785017,19.2600111],[-71.37833,19.2602399],[-71.3782964,19.2603287],[-71.3777668,19.2608589],[-71.377392,19.2615637],[-71.3769496,19.2617974],[-71.3764883,19.261598],[-71.3759878,19.2612026],[-71.3750079,19.2602038],[-71.3739604,19.2595062],[-71.3727529,19.2593842],[-71.3720117,19.2590145],[-71.372471,19.2582973],[-71.3726528,19.2577961],[-71.3727138,19.2576281],[-71.3727194,19.2572148],[-71.3724597,19.2567937],[-71.3726035,19.2559542],[-71.3729829,19.2555474],[-71.3730019,19.2552152],[-71.3728984,19.254756],[-71.373194,19.2543751],[-71.3734445,19.2542002],[-71.373424,19.2536496],[-71.3735323,19.2528557],[-71.3736927,19.252314],[-71.3739137,19.251794],[-71.3743081,19.2515722],[-71.3745957,19.2514646],[-71.3747233,19.2511423],[-71.3746439,19.2506715],[-71.3745037,19.2501923],[-71.3743887,19.2497693],[-71.3743362,19.2494833],[-71.3745132,19.2492394],[-71.3747546,19.2492588],[-71.3749848,19.2493372],[-71.375195,19.2488874],[-71.3753908,19.2482978],[-71.375568,19.2480674],[-71.375833,19.2480527],[-71.3761125,19.2481981],[-71.3762451,19.2481964],[-71.3764082,19.2478262],[-71.3765559,19.2472395],[-71.376474,19.2466197],[-71.3766247,19.2462294],[-71.3770152,19.2457637],[-71.3771522,19.2452697],[-71.3769589,19.2445097],[-71.3769341,19.2444123],[-71.3764063,19.2437983],[-71.3763106,19.2430657],[-71.3762286,19.2424459],[-71.3757999,19.2420044],[-71.3756588,19.2414553],[-71.3754531,19.2406203],[-71.375055,19.2398217],[-71.3749583,19.2390192],[-71.3748058,19.2385176],[-71.3743435,19.2374557],[-71.3742554,19.2372152],[-71.3742435,19.2372267],[-71.3741184,19.2368737],[-71.3740054,19.2363919],[-71.3740181,19.2356424],[-71.3740055,19.2347683],[-71.3741539,19.234117],[-71.3744853,19.2333884],[-71.374763,19.2325856],[-71.3750958,19.2319568],[-71.3754061,19.2314054],[-71.3764093,19.2304599],[-71.3776899,19.229311],[-71.3785366,19.2284601],[-71.378899,19.2280631],[-71.3792068,19.2275263],[-71.3795453,19.2266894],[-71.3804096,19.2258456],[-71.3810694,19.2254041],[-71.3816244,19.2249972],[-71.3821396,19.2242579],[-71.3829348,19.2234816],[-71.3833779,19.22261],[-71.3840679,19.2218351],[-71.3844078,19.221098],[-71.3849941,19.2204243],[-71.3855059,19.2194519],[-71.3858477,19.218848],[-71.3861857,19.2179778],[-71.3865578,19.2170405],[-71.3872899,19.2163941],[-71.3861369,19.2160659],[-71.3847908,19.2158712],[-71.3835188,19.2152782],[-71.3825548,19.2142295],[-71.3819548,19.2130113],[-71.3812178,19.2121494],[-71.3797878,19.2103888],[-71.3789128,19.2091832],[-71.3779508,19.2080555],[-71.3757758,19.2072776],[-71.3750791,19.207018],[-71.3726187,19.2060948],[-71.3719678,19.2059587],[-71.3703767,19.2054374],[-71.3692756,19.2047676],[-71.3678896,19.2037107],[-71.3666976,19.2025159],[-71.3658337,19.2016714],[-71.3648067,19.2006212],[-71.3643826,19.1991455],[-71.3640346,19.1979939],[-71.3631987,19.1961668],[-71.3627527,19.1947095],[-71.3623516,19.1931748],[-71.3623867,19.1919122],[-71.3625056,19.1906914],[-71.3621265,19.1900522],[-71.3620816,19.1899766],[-71.3611807,19.189715],[-71.3600186,19.1897255],[-71.3582556,19.1900823],[-71.3569356,19.1904493],[-71.3556946,19.191041],[-71.3545146,19.1916748],[-71.3533786,19.1922674],[-71.3519576,19.1924933],[-71.3509296,19.1922265],[-71.3500555,19.1917613],[-71.3492685,19.1912002],[-71.3483386,19.1904557],[-71.3479058,19.190256],[-71.3476735,19.1901488],[-71.3474625,19.1900515],[-71.3473751,19.1900492],[-71.3464076,19.1900243],[-71.3457056,19.1902094],[-71.3447135,19.1909266],[-71.3438435,19.1918273],[-71.3432424,19.1921737],[-71.3424935,19.1925152],[-71.3416164,19.1929147],[-71.3407674,19.1930543],[-71.3397795,19.1928885],[-71.3388634,19.1924035],[-71.3378834,19.1919576],[-71.3370295,19.191535],[-71.3361183,19.1908692],[-71.3349144,19.1900965],[-71.3338324,19.1895278],[-71.3329893,19.1887031],[-71.3321905,19.1878214],[-71.3311244,19.1874127],[-71.3299294,19.1870824],[-71.3288023,19.1866113],[-71.3278214,19.1862061],[-71.3264983,19.1859316],[-71.3257353,19.1852706],[-71.3249403,19.1842263],[-71.3247823,19.1830768],[-71.3244133,19.1819254],[-71.3238774,19.1807061],[-71.3231802,19.1799473],[-71.3223313,19.1793439],[-71.3213683,19.1782971],[-71.3204032,19.1772887],[-71.3192742,19.1761357],[-71.3186582,19.1747548],[-71.3183723,19.1736633],[-71.3179413,19.1724495],[-71.3177874,19.1721315],[-71.3159817,19.1730802],[-71.314001,19.1731052],[-71.3122325,19.1731275],[-71.3102518,19.1731524],[-71.3085541,19.1731738],[-71.3067148,19.1731969],[-71.3057189,19.1728061],[-71.3038797,19.1728292],[-71.3024866,19.1728467],[-71.3023941,19.1728478],[-71.3007029,19.1733396],[-71.2997973,19.1743594],[-71.2987437,19.1749105],[-71.2974005,19.1749945],[-71.2960564,19.1750113],[-71.2945709,19.1750299],[-71.2934455,19.1755146],[-71.2928871,19.1760594],[-71.2917008,19.1762995],[-71.2916986,19.1763015],[-71.2916297,19.1763139],[-71.2897766,19.1766462],[-71.2875885,19.1765064],[-71.2864536,19.1763173],[-71.2850698,19.1757339],[-71.2850584,19.1757589],[-71.2850475,19.1757541],[-71.2836849,19.1751483],[-71.2825169,19.1741964],[-71.281301,19.1731503],[-71.2807419,19.1724211],[-71.2797139,19.1716436],[-71.2784629,19.1713001],[-71.2775209,19.1711402],[-71.276454,19.1707064],[-71.2745239,19.1697233],[-71.2732759,19.1697229],[-71.2725819,19.1697857],[-71.2716889,19.1697245],[-71.2698728,19.1691554],[-71.2687589,19.1686634],[-71.2674489,19.168386],[-71.2664769,19.1683867],[-71.2653898,19.1685763],[-71.2649071,19.1687222],[-71.2645408,19.1688329],[-71.2637238,19.1692449],[-71.2632367,19.1695377],[-71.2625477,19.1702665],[-71.2620048,19.1706615],[-71.2614729,19.1709165],[-71.2610687,19.170883],[-71.2602769,19.1704502],[-71.2591397,19.1699201],[-71.2577737,19.1694446],[-71.2567328,19.1693897],[-71.2554767,19.1698725],[-71.2540987,19.1707227],[-71.2528627,19.1714852],[-71.2515916,19.1723702],[-71.2481596,19.1721097],[-71.2468387,19.1724375],[-71.2459675,19.1722426],[-71.2448245,19.1720263],[-71.2440736,19.1719203],[-71.2429526,19.1714621],[-71.2417717,19.1712011],[-71.2398356,19.1713173],[-71.2385663,19.1719018],[-71.2383977,19.1719784],[-71.2372285,19.1727016],[-71.2353824,19.1734286],[-71.2335604,19.1736744],[-71.2325149,19.1739942],[-71.2324277,19.1740201],[-71.2315365,19.1738232],[-71.2298786,19.1736808],[-71.2283966,19.1734752],[-71.2275396,19.173804],[-71.2254035,19.1744644],[-71.2239799,19.1752291],[-71.2237534,19.1753493],[-71.2221614,19.1762989],[-71.2194325,19.17719],[-71.2170493,19.177991],[-71.2181224,19.1805974],[-71.2189924,19.1829217],[-71.2192939,19.1846601],[-71.2196637,19.1858333],[-71.2200381,19.1873429],[-71.2202272,19.1882378],[-71.2200069,19.1894181],[-71.2194938,19.1907702],[-71.2187939,19.1913955],[-71.2183921,19.1922416],[-71.2184019,19.1929705],[-71.2185319,19.1938662],[-71.2190721,19.1945325],[-71.2195585,19.1955921],[-71.2198043,19.1963182],[-71.2196983,19.1972167],[-71.2199449,19.1979988],[-71.2203088,19.1987234],[-71.2209708,19.1996687],[-71.2211591,19.2005076],[-71.2214663,19.2014011],[-71.2216539,19.202184],[-71.2222636,19.2036346],[-71.2227463,19.2044138],[-71.2235741,19.2045159],[-71.2241158,19.2052945],[-71.223894,19.2063626],[-71.2239069,19.2073158],[-71.2245076,19.2080936],[-71.2253429,19.2087564],[-71.226829,19.2095234],[-71.2275395,19.209683],[-71.2283143,19.2102344],[-71.2289718,19.2108432],[-71.2293918,19.2113428],[-71.2298163,19.2121788],[-71.2298261,19.2129077],[-71.2298277,19.2130261],[-71.2298389,19.2138609],[-71.2294939,19.214538],[-71.2289007,19.2143209],[-71.2281281,19.2139377],[-71.2276499,19.2134949],[-71.2273644,19.2134568],[-71.2268811,19.2133921],[-71.2262356,19.2136804],[-71.2264255,19.2146314],[-71.226617,19.2156945],[-71.2274553,19.2165816],[-71.2280524,19.217079],[-71.2281242,19.2180315],[-71.2277247,19.2190457],[-71.2274999,19.2198896],[-71.2279191,19.2203331],[-71.2288037,19.2202663],[-71.2294038,19.220988],[-71.2296573,19.2222747],[-71.2302052,19.2235017],[-71.2302748,19.224286],[-71.2298102,19.2248524],[-71.2293417,19.2251385],[-71.2295309,19.2260334],[-71.2297156,19.226592],[-71.2294863,19.2270995],[-71.2291987,19.2276637],[-71.2293669,19.2280637],[-71.2295037,19.228389],[-71.2295748,19.2292854],[-71.2289411,19.2297351],[-71.2289316,19.2297418],[-71.2280515,19.2301451],[-71.2272251,19.2301552],[-71.2268762,19.230552],[-71.2269405,19.2309437],[-71.2274756,19.2312176],[-71.2284813,19.2313736],[-71.2292487,19.2313642],[-71.2301931,19.2313527],[-71.2309605,19.2313434],[-71.2316098,19.2313355],[-71.2323249,19.2318314],[-71.2327464,19.2324432],[-71.2327563,19.233172],[-71.2331733,19.2334473],[-71.2339944,19.2330448],[-71.2345256,19.2330383],[-71.2344622,19.2338031],[-71.2346035,19.2344323],[-71.234838,19.2353967],[-71.2351456,19.2352247],[-71.2351825,19.2346775],[-71.2354878,19.2343373],[-71.235842,19.234333],[-71.2363783,19.234705],[-71.2369119,19.2348667],[-71.2372713,19.2351994],[-71.23745,19.2353648],[-71.2374562,19.2358274],[-71.2372736,19.2360649],[-71.2371952,19.236167],[-71.2367088,19.236215],[-71.2360033,19.2364339],[-71.2359664,19.2369812],[-71.236172,19.2373595],[-71.2362843,19.2375661],[-71.2362286,19.2381391],[-71.2362065,19.2383661],[-71.2354148,19.2387543],[-71.2347513,19.2388045],[-71.2347115,19.2391414],[-71.2347661,19.2398978],[-71.2359739,19.2408083],[-71.2368605,19.2408816],[-71.23687,19.2415828],[-71.2368714,19.2416806],[-71.2370196,19.2428143],[-71.2370753,19.2436548],[-71.2379261,19.2443594],[-71.2390864,19.2450181],[-71.2396557,19.2445485],[-71.2397782,19.24379],[-71.2403498,19.2434886],[-71.241678,19.2434723],[-71.2424306,19.2434631],[-71.2428682,19.2430792],[-71.2435755,19.2429864],[-71.2443701,19.2428084],[-71.2456103,19.2428353],[-71.2459299,19.2435463],[-71.2466395,19.2436217],[-71.2474898,19.2442842],[-71.2478106,19.2450793],[-71.2484753,19.2451132],[-71.2496293,19.2453093],[-71.2499903,19.2458096],[-71.2507159,19.2470624],[-71.2501513,19.2478684],[-71.2498471,19.2482927],[-71.2498562,19.2489656],[-71.2503513,19.2495483],[-71.2511965,19.2498323],[-71.2515179,19.2506695],[-71.2516157,19.2513412],[-71.2516657,19.2517611],[-71.2521119,19.252008],[-71.252818,19.2518311],[-71.2531756,19.252079],[-71.2531825,19.2525836],[-71.2528824,19.2533023],[-71.2530215,19.2537632],[-71.2537374,19.2543011],[-71.2541416,19.2547167],[-71.254194,19.2553049],[-71.2541589,19.2559782],[-71.2545631,19.2563938],[-71.2548299,19.2564746],[-71.2556723,19.2565484],[-71.2562502,19.2567095],[-71.2562588,19.2573402],[-71.2560915,19.2580573],[-71.2563204,19.2586012],[-71.2565576,19.2593704],[-71.2567897,19.2597401],[-71.2574468,19.2601294],[-71.2580256,19.2606619],[-71.2581288,19.2613606],[-71.2579405,19.2615487],[-71.2577488,19.2617401],[-71.2572797,19.2624255],[-71.2567846,19.2630345],[-71.2559268,19.2631987],[-71.2558138,19.2638074],[-71.2557167,19.2643528],[-71.2556714,19.2645024],[-71.2556693,19.2645033],[-71.2555748,19.264822],[-71.2553606,19.2651543],[-71.2550346,19.2653728],[-71.2546151,19.2653795],[-71.2546131,19.2653796],[-71.2544216,19.2653826],[-71.2543448,19.2647649],[-71.2529796,19.2641924],[-71.2524157,19.2646826],[-71.2520379,19.2647414],[-71.2513547,19.2642531],[-71.2509357,19.2631902],[-71.2505657,19.2626257],[-71.2501537,19.2624457],[-71.2492818,19.2627319],[-71.2484466,19.2632976],[-71.2478947,19.2636453],[-71.2474678,19.2635671],[-71.2464096,19.2635597],[-71.2456695,19.2643207],[-71.2453724,19.2646766],[-71.2450756,19.2650325],[-71.2443968,19.2657499],[-71.2440808,19.2665305],[-71.2440841,19.2668525],[-71.2440771,19.2668603],[-71.2440855,19.2669911],[-71.2444838,19.2672933],[-71.2446965,19.2677039],[-71.2452746,19.2685774],[-71.2452676,19.2692007],[-71.2450816,19.2700339],[-71.2448606,19.2706282],[-71.2451046,19.2711987],[-71.2451256,19.2715778],[-71.2448946,19.2727345],[-71.2454317,19.2728882],[-71.2465778,19.2729509],[-71.2466816,19.2740493],[-71.2465886,19.2746578],[-71.2468445,19.2754472],[-71.2473187,19.2763468],[-71.2479106,19.2771005],[-71.2484318,19.2777173],[-71.2489416,19.2781332],[-71.2494467,19.278468],[-71.2497041,19.2789728],[-71.2498266,19.279213],[-71.2494486,19.2796331],[-71.2482625,19.2792322],[-71.2476277,19.2795855],[-71.2476477,19.2803281],[-71.2480497,19.2814522],[-71.2477446,19.2820498],[-71.2472656,19.2814325],[-71.2467399,19.2808293],[-71.2460307,19.2816554],[-71.2462987,19.2822843],[-71.2474096,19.2824897],[-71.2474837,19.2834281],[-71.2479666,19.283745],[-71.2481298,19.2843798],[-71.2485768,19.2851804],[-71.2484696,19.2859088],[-71.2479188,19.2862791],[-71.2469487,19.2870723],[-71.2463946,19.2877633],[-71.2462506,19.288955],[-71.2462927,19.2893113],[-71.2463669,19.289943],[-71.2464127,19.2903326],[-71.2465636,19.2911482],[-71.2462536,19.2920281],[-71.2457997,19.2918485],[-71.2453357,19.2918723],[-71.2448097,19.292301],[-71.2453196,19.2934802],[-71.2458358,19.2939954],[-71.2464536,19.29483],[-71.2465765,19.2958875],[-71.2465747,19.2969917],[-71.2459027,19.2978287],[-71.2451776,19.2973431],[-71.2432086,19.2969405],[-71.2427465,19.2981294],[-71.2427375,19.2983359],[-71.2426727,19.2998193],[-71.2427186,19.3006406],[-71.2434556,19.3009454],[-71.2445676,19.3007895],[-71.2455188,19.30078],[-71.2459927,19.3009368],[-71.2465638,19.3013091],[-71.2467987,19.302101],[-71.2466976,19.3033125],[-71.2466267,19.3039366],[-71.2463588,19.3044344],[-71.2456937,19.3038849],[-71.2449477,19.3037834],[-71.2444126,19.3040497],[-71.2437896,19.3046444],[-71.2434376,19.3059064],[-71.2432686,19.3066582],[-71.2431478,19.3071474],[-71.2427876,19.3075063],[-71.2420825,19.3073817],[-71.2416937,19.3076214],[-71.2413555,19.3080003],[-71.2418277,19.3088797],[-71.2424537,19.309091],[-71.2432765,19.3090673],[-71.2443597,19.3087514],[-71.2445885,19.3094441],[-71.2442406,19.3100241],[-71.2438145,19.3103455],[-71.2436926,19.311196],[-71.2441016,19.3120784],[-71.2450615,19.3122111],[-71.2458096,19.3119738],[-71.2471846,19.3123452],[-71.2473838,19.3132595],[-71.2479657,19.3145755],[-71.2479859,19.3151172],[-71.2480058,19.3156566],[-71.2474316,19.3163682],[-71.2471358,19.3169044],[-71.2470934,19.3172663],[-71.2470967,19.3172664],[-71.2477423,19.3168832],[-71.248178,19.3166317],[-71.248771,19.3165182],[-71.2491701,19.3168294],[-71.2495832,19.3171834],[-71.2501405,19.3169462],[-71.2507069,19.3164204],[-71.2511427,19.3160804],[-71.2517559,19.3158219],[-71.2524594,19.3157296],[-71.2530783,19.3158892],[-71.2535244,19.316302],[-71.2540564,19.3165463],[-71.2543218,19.3166267],[-71.254761,19.3165376],[-71.2547494,19.3156873],[-71.2547888,19.3145024],[-71.2551984,19.3137978],[-71.25554,19.3128975],[-71.2561753,19.3121488],[-71.2562748,19.3121051],[-71.2574663,19.3119525],[-71.2574228,19.3109626],[-71.2574963,19.3096283],[-71.2581091,19.3091531],[-71.2581564,19.3083853],[-71.2581849,19.3075865],[-71.2585661,19.3067904],[-71.2589103,19.3063052],[-71.2594067,19.3059464],[-71.2599827,19.306033],[-71.2609474,19.3062957],[-71.2618017,19.3068574],[-71.2624001,19.3077102],[-71.2627192,19.3084189],[-71.2631727,19.3093728],[-71.2635733,19.3095762],[-71.2643863,19.3095261],[-71.2646832,19.3091618],[-71.2648329,19.3086103],[-71.2651644,19.3081229],[-71.2654532,19.3080195],[-71.2660421,19.3083005],[-71.2664517,19.3084783],[-71.266871,19.3086469],[-71.2672662,19.3088317],[-71.2676039,19.3090465],[-71.2678813,19.3093908],[-71.2678752,19.3097792],[-71.2677691,19.3102209],[-71.2677192,19.3106482],[-71.2678588,19.311001],[-71.2680838,19.3113233],[-71.2683446,19.311634],[-71.2686309,19.3119352],[-71.268932,19.3122318],[-71.2692374,19.3125283],[-71.2695367,19.3128271],[-71.2698195,19.3131352],[-71.2700751,19.3134527],[-71.270285,19.3137865],[-71.2703812,19.3141714],[-71.2704147,19.3145842],[-71.2704649,19.3149922],[-71.2705894,19.3153745],[-71.2707423,19.3157475],[-71.2709091,19.3161179],[-71.2710819,19.3164861],[-71.2712526,19.3168543],[-71.2714133,19.3172248],[-71.2715645,19.3176023],[-71.2717222,19.3179774],[-71.271881,19.3183548],[-71.272034,19.3187322],[-71.2721741,19.319112],[-71.2722943,19.3194966],[-71.2723879,19.3198838],[-71.2724483,19.3202737],[-71.272477,19.3206707],[-71.2724805,19.3210726],[-71.2724659,19.321477],[-71.2724395,19.3218837],[-71.2724084,19.3222883],[-71.2723791,19.3226883],[-71.2723453,19.3230884],[-71.2723011,19.3234863],[-71.2722496,19.3238866],[-71.2721936,19.3242847],[-71.2721359,19.3246829],[-71.2720793,19.325081],[-71.2720239,19.3254768],[-71.271964,19.3258749],[-71.2719023,19.3262731],[-71.2718423,19.326669],[-71.271787,19.3270671],[-71.2717366,19.3274674],[-71.2716876,19.3278654],[-71.2716396,19.3282656],[-71.2715924,19.3286636],[-71.2715461,19.3290638],[-71.2714999,19.3294618],[-71.2714539,19.3298598],[-71.2714079,19.33026],[-71.2713343,19.3306561],[-71.2703813,19.3320276],[-71.2695143,19.3332754],[-71.2654834,19.3424635],[-71.2649953,19.3437837],[-71.2639045,19.3459717],[-71.2631825,19.34742],[-71.2626768,19.3484345],[-71.2625973,19.3486113],[-71.2608447,19.352508],[-71.2605138,19.3532437],[-71.2592936,19.3563652],[-71.259139,19.3567606],[-71.2588213,19.3570084],[-71.2585179,19.3572402],[-71.2581956,19.3574836],[-71.2578928,19.3577154],[-71.2575766,19.3579654],[-71.2572846,19.3582061],[-71.2569691,19.3584878],[-71.2566839,19.3587668],[-71.2564122,19.3590569],[-71.2561508,19.3593582],[-71.2559101,19.359648],[-71.2556574,19.3599582],[-71.2554041,19.3602661],[-71.2551525,19.3605425],[-71.2549809,19.360872],[-71.254789,19.3611882],[-71.2546028,19.3615044],[-71.2544403,19.3618248],[-71.2543092,19.3621967],[-71.2541672,19.3622937],[-71.2539681,19.3626419],[-71.2538427,19.3628298],[-71.2537328,19.3629972],[-71.2532727,19.3635029],[-71.2517219,19.3646039],[-71.2513612,19.3648832],[-71.2517837,19.3652226],[-71.2522994,19.3653527],[-71.2525978,19.3655261],[-71.2529874,19.3659537],[-71.253159,19.3660873],[-71.2534479,19.3663122],[-71.2537173,19.3667185],[-71.253793,19.3669906],[-71.2538702,19.3673766],[-71.2538746,19.3676952],[-71.2539269,19.3680131],[-71.2539556,19.3683542],[-71.2541013,19.3684889],[-71.254513,19.3687797],[-71.2546815,19.3688231],[-71.2551184,19.3692046],[-71.2553877,19.3696109],[-71.2555117,19.3699052],[-71.2556136,19.3703364],[-71.2557363,19.3705397],[-71.2561719,19.3708301],[-71.2564,19.3710355],[-71.256482,19.3710886],[-71.2565005,19.3712964],[-71.2565036,19.3715193],[-71.2565526,19.3716673],[-71.2565645,19.3719042],[-71.2565742,19.3720981],[-71.2565313,19.3723959],[-71.2563321,19.3727105],[-71.2561781,19.3729056],[-71.256008,19.372989],[-71.2559604,19.3730124],[-71.2557411,19.3730151],[-71.2554589,19.3729888],[-71.2552075,19.3729325],[-71.2549413,19.3729358],[-71.2547388,19.3730126],[-71.2546461,19.373103],[-71.2546007,19.3732224],[-71.2545399,19.373357],[-71.2545908,19.3736387],[-71.2547041,19.3739049],[-71.2548164,19.3740967],[-71.2546169,19.3743964],[-71.25454,19.3745014],[-71.2544308,19.3745325],[-71.254102,19.3745366],[-71.2538032,19.3744511],[-71.2536298,19.3743641],[-71.2534541,19.3741136],[-71.2533735,19.3738797],[-71.2533725,19.3738768],[-71.2532759,19.3736847],[-71.2531323,19.3734933],[-71.2528809,19.373437],[-71.2528031,19.3734379],[-71.2527557,19.3734385],[-71.2526465,19.3734696],[-71.2525535,19.3735451],[-71.2525409,19.3737682],[-71.252433,19.3738884],[-71.252311,19.3741277],[-71.2520944,19.3743236],[-71.2519706,19.3744292],[-71.2516602,19.3746411],[-71.251427,19.3747629],[-71.251162,19.3748554],[-71.2507706,19.3748602],[-71.2505506,19.3748306],[-71.2504278,19.374814],[-71.2502324,19.3748689],[-71.2498087,19.3751767],[-71.2499895,19.3755899],[-71.2503347,19.3758354],[-71.2502625,19.3760994],[-71.2500833,19.3764155],[-71.249784,19.3766653],[-71.2494932,19.3769082],[-71.2491853,19.3771627],[-71.2488777,19.3774194],[-71.2485698,19.3776761],[-71.2482705,19.3779259],[-71.2479276,19.3781446],[-71.2475755,19.378298],[-71.2471696,19.3784091],[-71.2468033,19.3782917],[-71.2467304,19.378242],[-71.2464455,19.3780478],[-71.2463986,19.3780024],[-71.2463878,19.3778962],[-71.24648,19.3772737],[-71.2468783,19.3769342],[-71.2472745,19.3764513],[-71.2473667,19.3758288],[-71.24716,19.375449],[-71.2463551,19.3755068],[-71.2461576,19.375796],[-71.2456023,19.3762469],[-71.2455599,19.3762813],[-71.2451022,19.3759524],[-71.2450459,19.3755229],[-71.2451365,19.3753454],[-71.2450672,19.3752875],[-71.2446068,19.3752864],[-71.2441727,19.3753572],[-71.243802,19.3754386],[-71.2433684,19.3755275],[-71.2429492,19.3756026],[-71.242531,19.3756823],[-71.2421137,19.3757665],[-71.2416967,19.3758529],[-71.2412791,19.3759348],[-71.2409045,19.3758559],[-71.2405281,19.3757838],[-71.2401532,19.3757071],[-71.2397829,19.3756168],[-71.2394206,19.3755039],[-71.2390689,19.3753614],[-71.238725,19.3752008],[-71.2383845,19.3750312],[-71.2380481,19.3748524],[-71.2377222,19.3746397],[-71.2373936,19.3744427],[-71.2369951,19.3743122],[-71.2366179,19.3742671],[-71.2359974,19.3742612],[-71.2356057,19.3743021],[-71.2352325,19.374388],[-71.234886,19.3745165],[-71.2345464,19.3746764],[-71.2342125,19.3748589],[-71.2338864,19.3750616],[-71.2335709,19.3752823],[-71.2332683,19.3755163],[-71.2329814,19.3757637],[-71.2328258,19.3759093],[-71.2327124,19.3760154],[-71.2324606,19.3762849],[-71.2322242,19.37657],[-71.232001,19.3768686],[-71.2317905,19.3771782],[-71.2315902,19.3774923],[-71.2313988,19.3778108],[-71.2312149,19.3781291],[-71.2310573,19.3784562],[-71.230946,19.3788053],[-71.2308545,19.3791609],[-71.2307552,19.3795144],[-71.2307391,19.3795331],[-71.2305075,19.379802],[-71.2302981,19.3801071],[-71.2301349,19.380441],[-71.2299861,19.3807815],[-71.2298463,19.3811265],[-71.22971,19.3814736],[-71.2295839,19.3818229],[-71.2294643,19.3821721],[-71.2293436,19.3825236],[-71.2292127,19.3828706],[-71.2290651,19.3832111],[-71.2289045,19.383545],[-71.2288488,19.3836543],[-71.2288398,19.3836565],[-71.2282414,19.384094],[-71.2276728,19.3845025],[-71.2272938,19.3847748],[-71.2272517,19.3848541],[-71.2269818,19.3853624],[-71.2264283,19.3865941],[-71.2262384,19.3870758],[-71.2259261,19.3878983],[-71.2256089,19.3889819],[-71.2255891,19.3890495],[-71.2255886,19.3890573],[-71.2255871,19.3890804],[-71.2255053,19.3902933],[-71.2257204,19.3912944],[-71.2255778,19.3919175],[-71.2252687,19.3922486],[-71.2251058,19.3924471],[-71.2253069,19.3936501],[-71.2252957,19.3936666],[-71.2251249,19.3939165],[-71.2250162,19.3940579],[-71.2246911,19.3942275],[-71.2246707,19.394425],[-71.2247068,19.394534],[-71.2247355,19.3946207],[-71.2248424,19.3946823],[-71.2250856,19.3948225],[-71.2251138,19.3948388],[-71.2252714,19.3953148],[-71.2251288,19.3959379],[-71.2247899,19.3969458],[-71.2245169,19.3973052],[-71.2242158,19.3975565],[-71.2236555,19.3979349],[-71.2230495,19.3981486],[-71.2225717,19.3981958],[-71.2220927,19.3981603],[-71.2214387,19.3980445],[-71.2210551,19.3979585],[-71.2210458,19.3979795],[-71.2208981,19.3983132],[-71.2207512,19.3986469],[-71.2206064,19.3989829],[-71.2204644,19.3993188],[-71.2203261,19.3996546],[-71.2201921,19.399995],[-71.2200602,19.400333],[-71.2199298,19.4006733],[-71.2198011,19.4010136],[-71.2196737,19.4013561],[-71.2195471,19.4016964],[-71.2194218,19.4020388],[-71.2193255,19.4023798],[-71.2193229,19.4024194],[-71.2193205,19.4024442],[-71.2193059,19.402481],[-71.219305,19.4025393],[-71.2192726,19.4026032],[-71.2192622,19.4026601],[-71.2192484,19.4027163],[-71.2192313,19.4027716],[-71.2192267,19.4027848],[-71.2192106,19.4028268],[-71.2191925,19.4028681],[-71.2191354,19.4030075],[-71.2190595,19.4031926],[-71.2189271,19.4035729],[-71.2187763,19.404006],[-71.2186839,19.4042505],[-71.2186732,19.4042786],[-71.2186484,19.4043471],[-71.2186152,19.4044475],[-71.2186091,19.4044739],[-71.2185401,19.4047258],[-71.2185111,19.4048318],[-71.218625,19.4054278],[-71.2187905,19.4061462],[-71.2185484,19.4066169],[-71.2178666,19.4071201],[-71.2173286,19.4074187],[-71.2151571,19.4091135],[-71.2146127,19.4099974],[-71.2144855,19.4105669],[-71.2138999,19.4107514],[-71.2125049,19.4105975],[-71.2107039,19.4113736],[-71.2104304,19.4114125],[-71.2100739,19.411504],[-71.2096921,19.4116492],[-71.2095447,19.4121139],[-71.2093379,19.4125441],[-71.2090461,19.4127594],[-71.2087315,19.4129832],[-71.2088965,19.4136293],[-71.2087584,19.4138591],[-71.2085194,19.4141934],[-71.2075913,19.4149124],[-71.2074171,19.4151461],[-71.2072809,19.4153288],[-71.2078305,19.4157577],[-71.2091859,19.4166853],[-71.2099242,19.4172534],[-71.2104126,19.4176811],[-71.2105715,19.417882],[-71.2106701,19.4181124],[-71.2107239,19.4183037],[-71.2107752,19.4185701],[-71.2107804,19.4187094],[-71.2107602,19.4188604],[-71.2105782,19.4196258],[-71.2105125,19.4198194],[-71.2103682,19.4200855],[-71.2101498,19.4203564],[-71.2099791,19.4207371],[-71.2099395,19.4209398],[-71.2099619,19.4211505],[-71.21004,19.4213362],[-71.210441,19.4220046],[-71.210542,19.4221302],[-71.2107277,19.4222665],[-71.2114307,19.4225877],[-71.2115239,19.4226637],[-71.2115898,19.4227637],[-71.2116182,19.4228564],[-71.2116213,19.4229572],[-71.2115984,19.4230519],[-71.2115515,19.4231383],[-71.2114806,19.4232134],[-71.2110354,19.4235112],[-71.2109521,19.423612],[-71.2109038,19.4237283],[-71.2108914,19.4238229],[-71.210901,19.4239275],[-71.2110965,19.4246965],[-71.2111556,19.424815],[-71.2112472,19.4249113],[-71.211335,19.4249659],[-71.2116158,19.4250845],[-71.2117732,19.4251784],[-71.2123185,19.425637],[-71.2124084,19.4257469],[-71.2124596,19.4258972],[-71.2124508,19.4260518],[-71.2123752,19.4262041],[-71.2122126,19.4264529],[-71.212177,19.4265649],[-71.2121684,19.4266892],[-71.2121963,19.426807],[-71.2122439,19.4269176],[-71.2125609,19.4274129],[-71.2126314,19.4275681],[-71.212662,19.4277291],[-71.2126699,19.4282814],[-71.2126944,19.4284072],[-71.212757,19.4285211],[-71.2128529,19.4286133],[-71.2129593,19.4286694],[-71.2134831,19.4288533],[-71.2135564,19.4289214],[-71.2135926,19.4290212],[-71.2135758,19.4291255],[-71.2133677,19.4295313],[-71.213341,19.4296405],[-71.2133338,19.4297562],[-71.2133763,19.4299678],[-71.2136699,19.4306606],[-71.2136796,19.4307852],[-71.2136425,19.4309034],[-71.213556,19.4310081],[-71.2134313,19.4310747],[-71.2133346,19.4310917],[-71.212944,19.4310953],[-71.2127666,19.4311219],[-71.2125708,19.4311835],[-71.2122566,19.4313322],[-71.2121999,19.4313788],[-71.212153,19.4314173],[-71.2121191,19.4314763],[-71.2120874,19.4315314],[-71.2120769,19.4316142],[-71.212067,19.4316922],[-71.2120971,19.4317871],[-71.2124597,19.4318332],[-71.2133822,19.4320526],[-71.2147147,19.4322922],[-71.2146731,19.4323991],[-71.2145057,19.4327534],[-71.2143343,19.4331077],[-71.2141432,19.4334465],[-71.213919,19.4337676],[-71.2136709,19.4340732],[-71.2134083,19.4343699],[-71.2131389,19.4346623],[-71.2128709,19.4349546],[-71.2126113,19.4352535],[-71.2123366,19.4355527],[-71.2120643,19.4358518],[-71.211844,19.4361706],[-71.2117203,19.4365266],[-71.2116808,19.4369109],[-71.2116866,19.4373105],[-71.2116981,19.437701],[-71.2117016,19.4380939],[-71.2117221,19.4384865],[-71.2117868,19.4388673],[-71.2119204,19.4392225],[-71.2121109,19.4395588],[-71.212337,19.4398835],[-71.2124836,19.4400998],[-71.212596,19.4403783],[-71.212585,19.4406742],[-71.2124737,19.4412118],[-71.2123759,19.4413493],[-71.2122308,19.4415534],[-71.2120097,19.4418587],[-71.2119211,19.4419701],[-71.2117523,19.4421825],[-71.2117249,19.4422111],[-71.211473,19.4424749],[-71.2111628,19.4427293],[-71.2110399,19.4428032],[-71.2108178,19.4429368],[-71.210679,19.4430076],[-71.2105411,19.4432136],[-71.2106648,19.4435175],[-71.2107113,19.4439394],[-71.2106325,19.4443534],[-71.2106155,19.4450718],[-71.2106025,19.4454119],[-71.2104872,19.4460163],[-71.2105246,19.446417],[-71.2098306,19.4463788],[-71.2097997,19.4463789],[-71.2096924,19.4463851],[-71.2096618,19.446388],[-71.2095596,19.4464049],[-71.2095013,19.4464145],[-71.209407,19.4464273],[-71.2093897,19.4464293],[-71.2093619,19.4464298],[-71.2092556,19.446422],[-71.2090435,19.4464065],[-71.206955,19.4462302],[-71.2068366,19.4461986],[-71.2067832,19.4461894],[-71.2067489,19.4461887],[-71.2067274,19.4461912],[-71.2067155,19.4461934],[-71.2066982,19.4461974],[-71.2066703,19.4462071],[-71.2066474,19.4462177],[-71.2066012,19.4462481],[-71.2063866,19.4464051],[-71.206342,19.4464333],[-71.2062994,19.4464514],[-71.2062243,19.4464654],[-71.2047771,19.4465239],[-71.204771,19.4465241],[-71.2047396,19.4465234],[-71.2042566,19.4473538],[-71.2036286,19.4483519],[-71.2032205,19.4490836],[-71.2028806,19.4484817],[-71.2022639,19.4491248],[-71.2009796,19.4499455],[-71.200143,19.4508454],[-71.199539,19.4514941],[-71.199471,19.4514603],[-71.1986383,19.4508683],[-71.1943224,19.451089],[-71.1903387,19.4505238],[-71.1900974,19.4508135],[-71.1898664,19.4511121],[-71.1896422,19.4514151],[-71.189421,19.4517181],[-71.1891993,19.4520211],[-71.1889808,19.4523286],[-71.188769,19.4526405],[-71.1885673,19.4529545],[-71.1883797,19.4532774],[-71.1883786,19.4532795],[-71.1882071,19.4536114],[-71.1880552,19.4539565],[-71.187935,19.4543102],[-71.1878553,19.4546656],[-71.1878166,19.4550455],[-71.1878431,19.4554222],[-71.187964,19.4557617],[-71.1881607,19.456071],[-71.1884012,19.4563639],[-71.1886615,19.4566497],[-71.1889186,19.4569357],[-71.1890562,19.4572631],[-71.188249,19.4569302],[-71.1879926,19.4565987],[-71.1873887,19.4566538],[-71.1870537,19.4569526],[-71.1870386,19.4569661],[-71.1867912,19.4571868],[-71.1862453,19.4578147],[-71.1861478,19.4580549],[-71.1861542,19.4585328],[-71.186172,19.4585389],[-71.1865592,19.4586713],[-71.1869131,19.4587626],[-71.1869182,19.4591449],[-71.1864215,19.4596767],[-71.1856244,19.4603555],[-71.1852775,19.4607898],[-71.1852826,19.4611722],[-71.1854873,19.4614087],[-71.1858942,19.4616906],[-71.1870032,19.461725],[-71.1876582,19.4617171],[-71.1879617,19.461809],[-71.1881167,19.4620939],[-71.1880721,19.4625246],[-71.1874727,19.4629142],[-71.1868209,19.4631611],[-71.1865225,19.4634515],[-71.1865404,19.4647896],[-71.1866527,19.4656486],[-71.1864621,19.4664634],[-71.186119,19.4671845],[-71.184871,19.4680599],[-71.1838213,19.468694],[-71.1822206,19.4695736],[-71.1815255,19.4703467],[-71.1813814,19.4708742],[-71.1813897,19.4714955],[-71.1815995,19.4721143],[-71.1819082,19.4725886],[-71.1824172,19.4729649],[-71.1827699,19.4729606],[-71.1833732,19.4728577],[-71.1843292,19.4727506],[-71.1849338,19.4727433],[-71.1852903,19.4730258],[-71.1852968,19.4735037],[-71.1848975,19.4737953],[-71.1839415,19.4739024],[-71.1831347,19.4738644],[-71.1824804,19.47392],[-71.1823567,19.4741978],[-71.1823481,19.4742169],[-71.1821379,19.4746889],[-71.1824007,19.4754983],[-71.1828096,19.4759236],[-71.1833676,19.4762036],[-71.1834735,19.4765847],[-71.183228,19.4770657],[-71.1827858,19.4773886],[-71.1826292,19.477503],[-71.1823345,19.4780802],[-71.1822931,19.4787498],[-71.1824526,19.4793693],[-71.1826062,19.4801164],[-71.1826682,19.4804182],[-71.1826953,19.4808117],[-71.1827308,19.4813256],[-71.1822837,19.481809],[-71.1817888,19.4824841],[-71.1814425,19.4829662],[-71.1814255,19.4829814],[-71.1808449,19.4834992],[-71.1808451,19.4835184],[-71.1808487,19.483786],[-71.1809565,19.4843104],[-71.1808622,19.4847895],[-71.1805152,19.4852239],[-71.1802824,19.4852821],[-71.1799125,19.4853745],[-71.1797671,19.4858065],[-71.1797754,19.4864277],[-71.1798379,19.4873351],[-71.1797939,19.4878136],[-71.1796976,19.4881494],[-71.1792473,19.4883938],[-71.1795554,19.4888202],[-71.1799133,19.4891983],[-71.1799455,19.4894695],[-71.1799701,19.4896756],[-71.1798706,19.4897724],[-71.1796767,19.4903483],[-71.1792851,19.4912134],[-71.1788884,19.4916961],[-71.1787985,19.4925098],[-71.1783016,19.4930415],[-71.1782358,19.4931313],[-71.1773117,19.4943917],[-71.1771184,19.4950154],[-71.1772231,19.495301],[-71.1775816,19.4957268],[-71.1779644,19.495877],[-71.1782909,19.4960051],[-71.1786442,19.4960486],[-71.179099,19.4961387],[-71.1794601,19.4967558],[-71.1792643,19.4971883],[-71.1790691,19.4976686],[-71.1790768,19.4982421],[-71.1794819,19.4983806],[-71.179538,19.4988101],[-71.1797919,19.4989504],[-71.1802461,19.4989928],[-71.1805478,19.4989413],[-71.1811008,19.4988391],[-71.1815027,19.4987386],[-71.1820085,19.4988759],[-71.1819632,19.4992588],[-71.1816667,19.4996926],[-71.1813158,19.4998402],[-71.1808674,19.500228],[-71.18087,19.5004192],[-71.1809734,19.5006061],[-71.1833189,19.502702],[-71.1836419,19.503043],[-71.1836773,19.5030804],[-71.1836439,19.5043235],[-71.1836091,19.5054711],[-71.1833507,19.5062087],[-71.183172,19.5067188],[-71.1831353,19.507723],[-71.1831403,19.5080904],[-71.1831425,19.5082507],[-71.183143,19.5082865],[-71.1830631,19.5088487],[-71.1829219,19.5098427],[-71.1829316,19.5105617],[-71.1829421,19.5113445],[-71.1832989,19.5123099],[-71.1836147,19.5132624],[-71.1841711,19.5133517],[-71.1849725,19.5129124],[-71.1852175,19.5123839],[-71.1851566,19.5116198],[-71.1852435,19.5113018],[-71.1853008,19.5110924],[-71.1860039,19.5108454],[-71.1868138,19.5110275],[-71.187777,19.5113512],[-71.1886976,19.5122489],[-71.1888627,19.5132509],[-71.1888241,19.5141117],[-71.1886308,19.5147353],[-71.1889899,19.5151614],[-71.1894427,19.5150607],[-71.1900475,19.515006],[-71.1902047,19.5154344],[-71.1899112,19.5161069],[-71.1899177,19.5165849],[-71.1903732,19.5166753],[-71.1908725,19.5162873],[-71.1912217,19.5159965],[-71.1913265,19.5159843],[-71.1916752,19.5159436],[-71.1919858,19.5165136],[-71.1919452,19.5172311],[-71.1914726,19.5176954],[-71.1910857,19.5180166],[-71.1907487,19.5182962],[-71.1907048,19.5187747],[-71.1908306,19.5189141],[-71.1912172,19.5193425],[-71.1915285,19.5199604],[-71.1913889,19.5208223],[-71.1908418,19.5214021],[-71.1902435,19.5219347],[-71.1898975,19.5224644],[-71.1896718,19.5232417],[-71.1893524,19.5239612],[-71.1892789,19.525196],[-71.1891466,19.5265837],[-71.1891408,19.526613],[-71.1889579,19.5275418],[-71.188663,19.5281187],[-71.1883694,19.5287912],[-71.188125,19.5293676],[-71.1884874,19.5300327],[-71.188796,19.5304594],[-71.1891986,19.530865],[-71.1895262,19.5301149],[-71.1932953,19.5321872],[-71.1947934,19.5330474],[-71.1968234,19.5342578],[-71.1988383,19.5352291],[-71.2009563,19.5368177],[-71.2031793,19.5384006],[-71.2052203,19.5397711],[-71.2057555,19.5405052],[-71.2070095,19.5425243],[-71.2081205,19.54436],[-71.2083633,19.5447612],[-71.209037,19.5452074],[-71.2102915,19.5460382],[-71.2112756,19.5464845],[-71.2126944,19.5471084],[-71.2141186,19.547468],[-71.2153835,19.547658],[-71.2164985,19.547834],[-71.2175385,19.5478348],[-71.2182954,19.5477306],[-71.2194314,19.5472425],[-71.2200476,19.5465824],[-71.2209106,19.5454879],[-71.2212724,19.5448422],[-71.2223076,19.5434341],[-71.2234227,19.5419617],[-71.2241574,19.540853],[-71.2248115,19.5394653],[-71.2256676,19.5389151],[-71.2266226,19.5382553],[-71.2271786,19.5373182],[-71.2274795,19.5363955],[-71.2274106,19.5343258],[-71.2274515,19.5333183],[-71.2280476,19.5316942],[-71.2287082,19.5303114],[-71.2297336,19.5281962],[-71.2301914,19.5273664],[-71.2303985,19.5269912],[-71.2312135,19.526139],[-71.2319865,19.5252895],[-71.2327756,19.5246791],[-71.2332617,19.5239889],[-71.2345145,19.5236731],[-71.2354015,19.5236035],[-71.2365088,19.5236598],[-71.2373837,19.5237302],[-71.2384745,19.523868],[-71.2395976,19.5241657],[-71.2408136,19.5245977],[-71.2422346,19.5259055],[-71.2448307,19.5279889],[-71.2451888,19.5282893],[-71.2466289,19.5295539],[-71.2474906,19.5304102],[-71.2481746,19.5311559],[-71.2492168,19.5318383],[-71.2497908,19.5318651],[-71.2529277,19.5321285],[-71.2568397,19.5319013],[-71.2578388,19.5316021],[-71.2589038,19.5313381],[-71.2595759,19.5312191],[-71.2605339,19.5312658],[-71.2614288,19.5316565],[-71.2635898,19.5329187],[-71.2643448,19.5334376],[-71.2656129,19.5343317],[-71.2671589,19.5356106],[-71.268184,19.5363541],[-71.2705159,19.5376276],[-71.2721499,19.5389415],[-71.273605,19.5397834],[-71.274938,19.5410333],[-71.276672,19.5422623],[-71.2777199,19.5433668],[-71.278762,19.5443923],[-71.2791,19.5446951],[-71.280218,19.5452341],[-71.282007,19.545995],[-71.2833201,19.5466039],[-71.2847051,19.5473472],[-71.2869882,19.5488469],[-71.2878441,19.5492786],[-71.2890451,19.5501349],[-71.289989,19.550622],[-71.291014,19.550703],[-71.29207,19.5507896],[-71.2932751,19.5509743],[-71.2937975,19.5511634],[-71.2941792,19.5513016],[-71.294471,19.5517045],[-71.2947514,19.5518957],[-71.295078,19.5519743],[-71.2952939,19.5519305],[-71.2956294,19.5519133],[-71.2962791,19.55207],[-71.2966216,19.5521299],[-71.2969505,19.5522769],[-71.2970186,19.5523073],[-71.2971717,19.552663],[-71.2970312,19.5530603],[-71.2968717,19.553649],[-71.2966257,19.5541724],[-71.2964227,19.55439],[-71.2961281,19.5545262],[-71.295786,19.5545459],[-71.2955725,19.5545168],[-71.2952882,19.554402],[-71.295239,19.5543822],[-71.2948742,19.5543406],[-71.2952044,19.5547613],[-71.2952032,19.5547667],[-71.2952172,19.5547817],[-71.2952404,19.5548192],[-71.2955229,19.5551659],[-71.29612,19.5555331],[-71.2971629,19.5562378],[-71.297823,19.5566019],[-71.2982518,19.5568539],[-71.298883,19.5572229],[-71.2995519,19.5577292],[-71.300646,19.5582278],[-71.30175,19.5585659],[-71.302687,19.5592765],[-71.3030531,19.5596782],[-71.30377,19.5602606],[-71.3047661,19.5602411],[-71.306587,19.559834],[-71.308667,19.5595116],[-71.3098714,19.559652],[-71.3102931,19.5597008],[-71.311921,19.5602693],[-71.3134001,19.5614718],[-71.3136981,19.5618157],[-71.3148132,19.5633006],[-71.3157391,19.5644718],[-71.3163432,19.5649608],[-71.3191682,19.5659631],[-71.3335373,19.5698735],[-71.3335893,19.5682323],[-71.3336444,19.566572],[-71.333067,19.5655206],[-71.3325854,19.564644],[-71.3321364,19.5636135],[-71.3316874,19.5625829],[-71.3313525,19.5606907],[-71.3311997,19.558979],[-71.3311185,19.5580679],[-71.3310704,19.5571654],[-71.3310224,19.5562629],[-71.3308904,19.5545599],[-71.3314017,19.5533629],[-71.3314985,19.5531364],[-71.3326016,19.551483],[-71.3337655,19.5501268],[-71.3346825,19.5492095],[-71.3362026,19.5485098],[-71.3368429,19.5482668],[-71.3380069,19.5482752],[-71.3389514,19.5485212],[-71.3397661,19.5483463],[-71.3402093,19.5481762],[-71.3406329,19.5483585],[-71.3411332,19.5487042],[-71.3416287,19.5487212],[-71.3420747,19.5487389],[-71.3424745,19.5489919],[-71.3429514,19.5494318],[-71.3435473,19.5495414],[-71.3441154,19.5494401],[-71.3447838,19.5494315],[-71.3452559,19.5495427],[-71.3458318,19.5499812],[-71.3465549,19.550324],[-71.3467168,19.5503057],[-71.3470246,19.5502709],[-71.3477781,19.5502164],[-71.3489147,19.551014],[-71.3504537,19.5515088],[-71.3522606,19.5518849],[-71.3542137,19.5522116],[-71.3568907,19.5525786],[-71.3594068,19.5527557],[-71.3631951,19.5540676],[-71.3648793,19.5548385],[-71.3681528,19.5563665],[-71.3688816,19.5566188],[-71.3695428,19.5568494],[-71.3703398,19.5570241],[-71.3707671,19.5571155],[-71.3714967,19.5570617],[-71.3715864,19.5570346],[-71.3716789,19.5570067],[-71.3717048,19.5569941],[-71.3720904,19.5568068],[-71.3724025,19.5566552],[-71.3727966,19.5565016],[-71.3729992,19.5563885],[-71.3731683,19.5562957],[-71.3732815,19.5561918],[-71.3733951,19.5560668],[-71.373566,19.5558163],[-71.3738056,19.5554508],[-71.3739423,19.5552733],[-71.3740674,19.5551273],[-71.3744384,19.554974],[-71.3747172,19.5548904],[-71.374719,19.5548898],[-71.3748431,19.5548527],[-71.3752038,19.5547305],[-71.3754025,19.5546519],[-71.3756451,19.554556],[-71.3760421,19.5544335],[-71.3764847,19.5543536],[-71.3770011,19.5543181],[-71.377485,19.5542502],[-71.378008,19.5542159],[-71.3780472,19.5542071],[-71.3782323,19.5541659],[-71.3784282,19.5539655],[-71.3784473,19.5539273],[-71.3785452,19.5537321],[-71.3787308,19.5534569],[-71.3788582,19.5532771],[-71.3790186,19.5531618],[-71.3791556,19.5530888],[-71.3794057,19.5530173],[-71.3796218,19.5529453],[-71.3800064,19.5528858],[-71.3804138,19.5528263],[-71.3804677,19.5528269],[-71.3806963,19.5528294],[-71.3810473,19.5528442],[-71.3813424,19.5528478],[-71.3816036,19.5528297],[-71.3818203,19.5527573],[-71.3820254,19.552706],[-71.3822773,19.5525802],[-71.3825754,19.5524226],[-71.3828168,19.5522749],[-71.383207,19.5520438],[-71.3834961,19.5519397],[-71.3835507,19.5519201],[-71.3836795,19.5518787],[-71.3836821,19.5518779],[-71.3839451,19.5517934],[-71.384208,19.5516924],[-71.3843623,19.5516332],[-71.3853485,19.5520435],[-71.3855003,19.5520977],[-71.3872369,19.5527169],[-71.3880896,19.5530897],[-71.3882419,19.5531297],[-71.3898645,19.5535551],[-71.3911605,19.5540632],[-71.3966489,19.553795],[-71.3975617,19.5535243],[-71.3994757,19.553429],[-71.4010997,19.5536519],[-71.4035007,19.5541087],[-71.404536,19.5543743],[-71.4050867,19.5548],[-71.405618,19.5553027],[-71.4061037,19.5554566],[-71.4063582,19.5555372],[-71.4074298,19.5557673],[-71.4089439,19.5560265],[-71.4122267,19.5563318],[-71.4137366,19.5563116],[-71.414698,19.5562805],[-71.4155775,19.5562521],[-71.4169996,19.5566725],[-71.417019,19.5564047],[-71.4170122,19.5561809],[-71.416995,19.5561051],[-71.4169183,19.5557664],[-71.4168459,19.5554505],[-71.4168003,19.5550461],[-71.4168379,19.5548742],[-71.4168969,19.554758],[-71.4170632,19.5545684],[-71.4171597,19.5544521],[-71.4172697,19.5542398],[-71.4172563,19.5540907],[-71.4171678,19.5539668],[-71.4169908,19.5539163],[-71.4166716,19.5538354],[-71.4163148,19.5536838],[-71.4161955,19.5535915],[-71.4161378,19.5535207],[-71.4160976,19.5534121],[-71.4161083,19.5528472],[-71.4160708,19.5526879],[-71.4159849,19.5524402],[-71.4156389,19.5519676],[-71.4154699,19.5516996],[-71.4152527,19.5514064],[-71.415073,19.5513003],[-71.4145607,19.5510804],[-71.4138445,19.5509818],[-71.4134127,19.5510147],[-71.4128843,19.5511158],[-71.4125544,19.5511638],[-71.4123264,19.5510602],[-71.4121842,19.5509313],[-71.4121333,19.5507796],[-71.4120582,19.5506052],[-71.4120206,19.5503449],[-71.4120582,19.5501022],[-71.4121521,19.5499657],[-71.4123479,19.5498469],[-71.412718,19.5497079],[-71.4129514,19.5496018],[-71.4131767,19.5495209],[-71.4134958,19.5494299],[-71.4137507,19.5492732],[-71.4140698,19.5490356],[-71.414448,19.548803],[-71.414912,19.5484618],[-71.4151025,19.5482495],[-71.4151347,19.54807],[-71.4151052,19.5478628],[-71.4149711,19.5476302],[-71.4147645,19.5474356],[-71.4144212,19.5470919],[-71.4142817,19.5468795],[-71.4141342,19.5466798],[-71.4140537,19.5463563],[-71.4140698,19.5461693],[-71.4142308,19.5457244],[-71.4143059,19.5454413],[-71.4143112,19.5449307],[-71.4144346,19.5444201],[-71.4145312,19.5442129],[-71.414617,19.5441294],[-71.4148906,19.5440233],[-71.4150569,19.543907],[-71.415242,19.5437149],[-71.4153627,19.543495],[-71.415419,19.5433004],[-71.4154673,19.5428833],[-71.4154539,19.5426482],[-71.415368,19.5421427],[-71.4153412,19.5418697],[-71.4153627,19.54167],[-71.4153841,19.5411468],[-71.4154378,19.5409167],[-71.4156577,19.5406994],[-71.4158991,19.5406261],[-71.4161056,19.5405907],[-71.4163148,19.5405553],[-71.4166984,19.5405704],[-71.4170551,19.5406362],[-71.4172912,19.5407474],[-71.4175513,19.5409698],[-71.4177632,19.5411417],[-71.4182648,19.5414122],[-71.4184982,19.5415133],[-71.4188549,19.5415841],[-71.419107,19.5415866],[-71.4192277,19.5415638],[-71.4193645,19.5415057],[-71.4195335,19.5413717],[-71.4196917,19.541301],[-71.4198902,19.5413136],[-71.4200512,19.5413768],[-71.4201397,19.5414779],[-71.4203569,19.5417029],[-71.4205152,19.5419304],[-71.4206359,19.5420947],[-71.4206895,19.542221],[-71.4207324,19.5423778],[-71.4207351,19.5426002],[-71.4208263,19.5428201],[-71.4209846,19.5431108],[-71.4212769,19.5434621],[-71.4215693,19.5435911],[-71.4217865,19.5436087],[-71.4219824,19.5435481],[-71.422044,19.5434268],[-71.4220521,19.5432549],[-71.4220119,19.5431184],[-71.4219824,19.5429086],[-71.4219368,19.542719],[-71.4219743,19.5423778],[-71.4220762,19.5419051],[-71.4220548,19.541349],[-71.4218295,19.5407777],[-71.4216793,19.5403885],[-71.4214727,19.5397742],[-71.4213574,19.5394734],[-71.4211375,19.5390386],[-71.4210516,19.5388491],[-71.4209577,19.5386772],[-71.4208853,19.5385634],[-71.4208022,19.5384446],[-71.420652,19.5383157],[-71.4203784,19.5381843],[-71.4201155,19.5379643],[-71.4200538,19.5377975],[-71.4200619,19.5376635],[-71.4201343,19.537565],[-71.4202309,19.5375043],[-71.4203677,19.5374386],[-71.420491,19.5373172],[-71.4206305,19.537163],[-71.4208022,19.5368648],[-71.4209068,19.53666],[-71.4209631,19.5362783],[-71.4210168,19.5360432],[-71.4210141,19.5358359],[-71.4209309,19.5356868],[-71.42077,19.5354239],[-71.4207137,19.535113],[-71.4208344,19.5347085],[-71.4208666,19.5345822],[-71.420998,19.5343572],[-71.4211455,19.5342308],[-71.4215183,19.5338693],[-71.4217678,19.5337126],[-71.4219609,19.5336822],[-71.4223015,19.5337505],[-71.4226609,19.5338996],[-71.4230311,19.5341145],[-71.42331,19.5342333],[-71.4237124,19.5343723],[-71.4241093,19.5344128],[-71.4245921,19.5344861],[-71.4249381,19.5345518],[-71.4251983,19.5346327],[-71.4252949,19.5347237],[-71.4253324,19.5347995],[-71.4253807,19.534936],[-71.4254025,19.534959],[-71.4255934,19.5351055],[-71.4257549,19.5350953],[-71.4260301,19.5349677],[-71.4261435,19.5346919],[-71.4260903,19.5346591],[-71.4260919,19.5345822],[-71.4259974,19.5343816],[-71.4258303,19.5340265],[-71.4256171,19.5333121],[-71.4256133,19.5330758],[-71.4256055,19.5325951],[-71.4256012,19.5323242],[-71.4255981,19.5321354],[-71.4255971,19.5320694],[-71.425639,19.531543],[-71.425836,19.5312537],[-71.4258846,19.5312284],[-71.426586,19.530862],[-71.4273918,19.5308042],[-71.4278982,19.5309413],[-71.4279698,19.5309694],[-71.4282534,19.5310803],[-71.4283735,19.5310022],[-71.4285528,19.5308854],[-71.4284443,19.5304087],[-71.4283288,19.53003],[-71.4282846,19.5298848],[-71.4282233,19.5297058],[-71.4280729,19.529266],[-71.4281786,19.5289337],[-71.4282046,19.5288056],[-71.4281497,19.5286478],[-71.4280186,19.5283733],[-71.4278987,19.5282081],[-71.4278016,19.5280742],[-71.4274682,19.5278181],[-71.427189,19.5276037],[-71.4271886,19.5276036],[-71.4269906,19.5275231],[-71.4267322,19.5274181],[-71.4267268,19.5270796],[-71.4267237,19.5268924],[-71.4267486,19.5263943],[-71.4268657,19.526317],[-71.4272998,19.5264345],[-71.4273721,19.5264541],[-71.4277715,19.5262101],[-71.4277692,19.5261228],[-71.427815,19.5257793],[-71.427705,19.525207],[-71.4275476,19.5248265],[-71.4273375,19.5243033],[-71.4273654,19.5242269],[-71.4275306,19.523775],[-71.4275466,19.5236963],[-71.4278261,19.5233411],[-71.4279695,19.5232938],[-71.4282775,19.5231921],[-71.4290768,19.5229582],[-71.4291306,19.5229425],[-71.4297147,19.5231016],[-71.4302016,19.5231775],[-71.4308594,19.5231324],[-71.4312521,19.5229165],[-71.431642,19.5224175],[-71.4320085,19.521971],[-71.4320388,19.5219503],[-71.4322838,19.521517],[-71.4323437,19.5211206],[-71.432239,19.5207259],[-71.4322623,19.5201787],[-71.4320596,19.5197483],[-71.431949,19.5195133],[-71.4318894,19.5189404],[-71.4319162,19.5182053],[-71.4319243,19.5179839],[-71.4319151,19.5174103],[-71.4317144,19.5169106],[-71.431705,19.5168871],[-71.431692,19.5168092],[-71.4316492,19.5165531],[-71.4315918,19.5161236],[-71.4319897,19.515784],[-71.4321006,19.5157372],[-71.4323402,19.5156362],[-71.4326375,19.5154385],[-71.4329096,19.5146465],[-71.4329479,19.5145615],[-71.4330709,19.5143712],[-71.4331698,19.5140979],[-71.4334002,19.5139615],[-71.4336151,19.5140878],[-71.4336879,19.5143905],[-71.4339477,19.5146693],[-71.4342427,19.5146592],[-71.4345962,19.5145656],[-71.4349716,19.5144466],[-71.4350935,19.5140906],[-71.4351048,19.5131154],[-71.4353416,19.5125793],[-71.4361267,19.5119791],[-71.4364743,19.5117619],[-71.436601,19.5114772],[-71.4365024,19.5111386],[-71.4367318,19.5109276],[-71.4371018,19.5107965],[-71.4373808,19.510807],[-71.4380602,19.5108324],[-71.4386643,19.5107771],[-71.438792,19.5107286],[-71.4394069,19.5103682],[-71.4399205,19.5105224],[-71.4408751,19.5103193],[-71.4412783,19.5103143],[-71.4418358,19.5104986],[-71.4422925,19.5106841],[-71.4432708,19.5106255],[-71.4432998,19.5106238],[-71.4434625,19.5103759],[-71.4437426,19.509949],[-71.4441389,19.5095138],[-71.4451868,19.5093108],[-71.4451942,19.5093094],[-71.4451963,19.5093085],[-71.4457952,19.5090629],[-71.4462763,19.5090031],[-71.4466505,19.5089566],[-71.4470448,19.5089517],[-71.4472553,19.508949],[-71.4477097,19.5089912],[-71.4482641,19.5089842],[-71.4484511,19.5090114],[-71.4488705,19.5090723],[-71.4489963,19.5089768],[-71.4493187,19.508732],[-71.4499134,19.5081031],[-71.450268,19.5077886],[-71.4504601,19.5076182],[-71.4509121,19.507517],[-71.451266,19.5071402],[-71.4514572,19.5069365],[-71.4518015,19.5064063],[-71.4520008,19.5062604],[-71.4527144,19.5062063],[-71.452756,19.5062032],[-71.4534616,19.5061943],[-71.4538822,19.5060688],[-71.4539633,19.5060446],[-71.4543626,19.5058006],[-71.4549015,19.5059211],[-71.4549698,19.5059364],[-71.4555761,19.5060244],[-71.4558212,19.5055911],[-71.4557601,19.5054436],[-71.4556637,19.5052107],[-71.4560599,19.5047754],[-71.4564554,19.5042924],[-71.4567523,19.5039541],[-71.4571012,19.5037107],[-71.4573179,19.5037006],[-71.4576599,19.5034931],[-71.4581283,19.5031824],[-71.4583514,19.5030439],[-71.4588146,19.5027565],[-71.4599251,19.5017497],[-71.4601306,19.5015635],[-71.4602909,19.5012257],[-71.4604381,19.5009157],[-71.4606831,19.5005854],[-71.4606742,19.5000001],[-71.4610155,19.4992427],[-71.4611805,19.4984878],[-71.4613048,19.4982221],[-71.4615101,19.4977831],[-71.4616867,19.4969755],[-71.4623882,19.4967151],[-71.4630923,19.4966219],[-71.4638871,19.4966947],[-71.4642359,19.496439],[-71.464506,19.4960467],[-71.4643127,19.4956853],[-71.4645671,19.4950128],[-71.4650028,19.4946723],[-71.4654411,19.4944991],[-71.4656993,19.4940774],[-71.4656892,19.4934085],[-71.4655947,19.4929916],[-71.465849,19.4923191],[-71.4658438,19.4919716],[-71.4658376,19.4915666],[-71.4658262,19.490814],[-71.4659289,19.4900543],[-71.4659848,19.489641],[-71.4660498,19.4889203],[-71.4660603,19.4888037],[-71.465787,19.488222],[-71.4653171,19.4880385],[-71.465166,19.4879795],[-71.4647061,19.4877692],[-71.4644557,19.4876547],[-71.4638335,19.4873286],[-71.4635989,19.4872685],[-71.4632138,19.4871698],[-71.4625916,19.4868437],[-71.4619694,19.4865177],[-71.4614341,19.4861068],[-71.4611621,19.4856087],[-71.461065,19.4850246],[-71.4614101,19.4845181],[-71.4616724,19.4839505],[-71.4616969,19.4838975],[-71.4617062,19.483728],[-71.4617398,19.4831175],[-71.4617413,19.4830918],[-71.4618911,19.482285],[-71.4621606,19.4816644],[-71.4621784,19.4815108],[-71.4622145,19.4812017],[-71.4620991,19.4810095],[-71.4621431,19.4807483],[-71.4623152,19.4802423],[-71.4623185,19.4802366],[-71.462472,19.4799732],[-71.462929,19.4794376],[-71.4634791,19.4789007],[-71.4641216,19.4783184],[-71.4644863,19.4778282],[-71.4647141,19.4775162],[-71.4646596,19.4769876],[-71.4646981,19.4764576],[-71.4648735,19.4757494],[-71.4651412,19.4749957],[-71.4649923,19.4743801],[-71.4647524,19.4738981],[-71.4645132,19.4734601],[-71.4649231,19.472881],[-71.4652878,19.4723908],[-71.4655123,19.4718583],[-71.4649031,19.4715578],[-71.4643909,19.4715206],[-71.4641072,19.4712157],[-71.4640945,19.4703776],[-71.4636261,19.4701634],[-71.4633902,19.469946],[-71.4633809,19.4693285],[-71.4633244,19.4686675],[-71.4633234,19.468307],[-71.4632406,19.4681239],[-71.4626976,19.467612],[-71.4625536,19.4667154],[-71.4627025,19.4654198],[-71.4630416,19.46381],[-71.4636749,19.4627826],[-71.4643827,19.4625959],[-71.4647794,19.4626687],[-71.4650079,19.4625249],[-71.4651546,19.4624134],[-71.4652344,19.4622404],[-71.4651855,19.4619489],[-71.4653106,19.4618329],[-71.4656706,19.461656],[-71.4659476,19.461449],[-71.4661604,19.4613523],[-71.4662565,19.4611634],[-71.4665173,19.4609723],[-71.4669308,19.4607072],[-71.4672167,19.4603227],[-71.4671761,19.4600466],[-71.4671693,19.4595969],[-71.4669041,19.4589433],[-71.4670801,19.4585258],[-71.4669639,19.4580776],[-71.466955,19.4574897],[-71.4667622,19.4568004],[-71.4668056,19.4553789],[-71.4668298,19.4551033],[-71.4667986,19.4548909],[-71.4667949,19.4546515],[-71.4666891,19.4541474],[-71.466653,19.4536157],[-71.4666859,19.4530033],[-71.4669128,19.4522418],[-71.4671155,19.4517335],[-71.4678786,19.4502597],[-71.4680136,19.449912],[-71.4680512,19.4496188]]]}},{"type":"Feature","properties":{"place_id":305085586,"osm_type":"relation","osm_id":7390993,"place_rank":12,"category":"boundary","type":"administrative","importance":0.4041879687077734,"addresstype":"county","name":"Villa Los Almácigos","display_name":"Villa Los Almácigos, Santiago Rodríguez, 62901, República Dominicana","address":{"county":"Villa Los Almácigos","state":"Santiago Rodríguez","ISO3166-2-lvl4":"DO-26","postcode":"62901","country":"República Dominicana","country_code":"do"}},"bbox":[-71.5196747,19.2156731,-71.3720117,19.4556372],"geometry":{"type":"Polygon","coordinates":[[[-71.5196747,19.3203256],[-71.519567,19.3193577],[-71.5193598,19.3179505],[-71.519147,19.3172397],[-71.517073,19.3133965],[-71.5148907,19.311796],[-71.5146679,19.3116326],[-71.512603,19.3114037],[-71.50907,19.3099736],[-71.5057629,19.3087503],[-71.5030191,19.3060241],[-71.5026609,19.3056683],[-71.5041699,19.3043833],[-71.5093891,19.3007152],[-71.5093981,19.3005472],[-71.5094239,19.3004933],[-71.5095968,19.3002965],[-71.5097496,19.3000847],[-71.5098516,19.3000015],[-71.5099933,19.2998142],[-71.5101107,19.2996127],[-71.5101627,19.2993722],[-71.510133,19.2991128],[-71.5100819,19.298874],[-71.510039,19.2986954],[-71.5099805,19.2984625],[-71.5099364,19.2981818],[-71.5099286,19.2980134],[-71.5099474,19.2978087],[-71.5099946,19.2976027],[-71.5100943,19.2973814],[-71.5101333,19.2971169],[-71.5100506,19.2968296],[-71.5099651,19.2965916],[-71.5099528,19.2965572],[-71.5099329,19.2962911],[-71.509999,19.2960677],[-71.5100299,19.2960347],[-71.5101408,19.2959158],[-71.5102647,19.2958015],[-71.5103991,19.2957055],[-71.5104732,19.2955645],[-71.5105169,19.2954054],[-71.5105863,19.2952046],[-71.5106361,19.294993],[-71.5106689,19.294838],[-71.5108026,19.2947078],[-71.5110069,19.2945746],[-71.5111403,19.2943745],[-71.5112081,19.2942591],[-71.5112432,19.2940579],[-71.5112978,19.29384],[-71.5112319,19.2936602],[-71.5110355,19.2935129],[-71.5109622,19.2934303],[-71.5108057,19.2932725],[-71.5106401,19.2931643],[-71.510443,19.2930171],[-71.5102759,19.2928794],[-71.5100618,19.2928285],[-71.5100607,19.2928282],[-71.5098273,19.2927054],[-71.5098229,19.2925722],[-71.5099184,19.2924771],[-71.5100342,19.2924298],[-71.5100866,19.2924084],[-71.5102775,19.2923369],[-71.5104596,19.2922941],[-71.5106934,19.292269],[-71.5108663,19.2922444],[-71.5110586,19.2922001],[-71.5112182,19.29209],[-71.5113857,19.2919939],[-71.5113414,19.2918672],[-71.511237,19.2917731],[-71.5110715,19.291672],[-71.5108144,19.2916076],[-71.510527,19.2915391],[-71.510455,19.291512],[-71.5102842,19.2913088],[-71.5101896,19.2911338],[-71.5100656,19.2909043],[-71.5100641,19.2905488],[-71.5100655,19.2902891],[-71.510033,19.2899826],[-71.5099866,19.2894995],[-71.5099802,19.2892861],[-71.5099479,19.2890444],[-71.5099377,19.2889483],[-71.5098472,19.288807],[-71.5095335,19.2885522],[-71.5093288,19.28842],[-71.5091137,19.288234],[-71.5088647,19.2879573],[-71.5086342,19.2877168],[-71.5083717,19.2875102],[-71.5080277,19.2873735],[-71.5078131,19.2872046],[-71.507703,19.2869235],[-71.5076453,19.2866141],[-71.5076012,19.2863812],[-71.5075617,19.2861665],[-71.5074095,19.2859742],[-71.5073976,19.2859561],[-71.5073136,19.2858286],[-71.5071416,19.2857441],[-71.5070134,19.2856387],[-71.5067933,19.2854967],[-71.5067642,19.2853308],[-71.5068666,19.2851711],[-71.5069807,19.2850702],[-71.507349,19.2851499],[-71.5077916,19.2850714],[-71.5081376,19.2850638],[-71.5083951,19.285079],[-71.5086445,19.2851119],[-71.5088725,19.2851752],[-71.5089959,19.2851778],[-71.5090522,19.2851575],[-71.5091032,19.2850714],[-71.5090925,19.2849702],[-71.508953,19.2847955],[-71.508835,19.2845069],[-71.5087706,19.2843853],[-71.5086284,19.2842334],[-71.5084997,19.2841296],[-71.5084353,19.2840739],[-71.5084112,19.2840081],[-71.5084273,19.2839068],[-71.5085185,19.2837676],[-71.5086338,19.2837195],[-71.5087625,19.2837524],[-71.5088698,19.2838106],[-71.5089637,19.2838208],[-71.5091407,19.2838005],[-71.5092587,19.2838182],[-71.5094572,19.2839499],[-71.5095672,19.2841094],[-71.5096477,19.2841777],[-71.509755,19.2841676],[-71.5098113,19.2840967],[-71.5098381,19.2838891],[-71.5098381,19.283641],[-71.5098596,19.2834537],[-71.5098381,19.2833144],[-71.5097952,19.2831321],[-71.5097281,19.283041],[-71.5096128,19.2829828],[-71.5094706,19.2829625],[-71.509358,19.2829195],[-71.509248,19.2828309],[-71.5092078,19.2827296],[-71.5092051,19.2826309],[-71.509248,19.2825296],[-71.5093741,19.2824055],[-71.5094385,19.2822764],[-71.5094572,19.2821524],[-71.5094116,19.2819321],[-71.5092936,19.2817346],[-71.5091944,19.281608],[-71.5090683,19.2815169],[-71.5089664,19.2814055],[-71.5088886,19.2812612],[-71.5088564,19.2811371],[-71.5088537,19.2809903],[-71.5088993,19.2807649],[-71.5089315,19.2805649],[-71.5089208,19.2804409],[-71.5088376,19.280294],[-71.5087572,19.2800864],[-71.5086821,19.2799396],[-71.508674,19.2798079],[-71.508725,19.2796991],[-71.5088081,19.2795953],[-71.5089905,19.279532],[-71.5091434,19.2795143],[-71.5093365,19.2794813],[-71.5095431,19.2794788],[-71.5096691,19.2794839],[-71.509881,19.2794535],[-71.5100929,19.2794763],[-71.5102753,19.2795244],[-71.5104416,19.2796105],[-71.5105543,19.2796408],[-71.5106803,19.2796687],[-71.5108332,19.279651],[-71.5109807,19.2795877],[-71.5110719,19.2794611],[-71.511308,19.2791902],[-71.5114555,19.2790763],[-71.511552,19.27898],[-71.5116057,19.2788256],[-71.511603,19.2786939],[-71.5115681,19.2784889],[-71.5115762,19.2783775],[-71.5116191,19.2782686],[-71.5116969,19.2781876],[-71.5118203,19.2780534],[-71.5119624,19.2779521],[-71.5120724,19.2778787],[-71.5121555,19.2778103],[-71.512295,19.2776205],[-71.5124479,19.2774711],[-71.5125766,19.2772863],[-71.5127295,19.2770457],[-71.51281,19.2769571],[-71.5129548,19.2768913],[-71.5130809,19.2768812],[-71.5132847,19.2769293],[-71.5134296,19.2769723],[-71.5135208,19.2769774],[-71.513612,19.2769191],[-71.5136334,19.2768204],[-71.5135691,19.2766457],[-71.5134859,19.2765368],[-71.5134886,19.276428],[-71.5135556,19.2763596],[-71.5136924,19.2762482],[-71.5137917,19.2761343],[-71.5139741,19.2758836],[-71.5140545,19.2757798],[-71.5142208,19.2757494],[-71.5144488,19.2758001],[-71.5146393,19.2758634],[-71.5147492,19.2758583],[-71.514886,19.2757798],[-71.5150496,19.2756051],[-71.515114,19.2754785],[-71.5151489,19.2752456],[-71.5151489,19.2751469],[-71.5151462,19.2749418],[-71.5151462,19.2748582],[-71.515165,19.2747721],[-71.5152168,19.2747342],[-71.5152723,19.2746937],[-71.5154761,19.2746785],[-71.5160018,19.2747924],[-71.5163559,19.2748506],[-71.5164819,19.2748202],[-71.5165088,19.2747544],[-71.5165007,19.2746633],[-71.51627,19.274405],[-71.5160877,19.2741164],[-71.5159696,19.2738278],[-71.5158758,19.2735746],[-71.5156988,19.2732884],[-71.5154552,19.273027],[-71.5153165,19.2728465],[-71.5152158,19.2729614],[-71.5151286,19.2730574],[-71.5147788,19.2734421],[-71.5146406,19.2735942],[-71.5134764,19.2739573],[-71.5122717,19.2739793],[-71.5119203,19.2740017],[-71.5118279,19.2740076],[-71.5115817,19.274003],[-71.5113453,19.2739985],[-71.5107115,19.2737881],[-71.5096006,19.2749886],[-71.5090402,19.2745132],[-71.5078149,19.274004],[-71.5067378,19.2738607],[-71.5057012,19.2737688],[-71.5049674,19.2733567],[-71.5045431,19.272999],[-71.5039373,19.2723413],[-71.5031025,19.2722534],[-71.5027773,19.2728991],[-71.5027878,19.2734633],[-71.5027881,19.2734814],[-71.5027375,19.2736649],[-71.5026211,19.2741],[-71.5021236,19.27417],[-71.502097,19.2741569],[-71.5020036,19.2741107],[-71.5016382,19.2739238],[-71.5011816,19.2735169],[-71.5011686,19.2734991],[-71.5010251,19.2732978],[-71.500907,19.2731324],[-71.5009029,19.2731189],[-71.500899,19.2731077],[-71.5005842,19.272105],[-71.5000061,19.2718217],[-71.4986734,19.271779],[-71.4983568,19.2712144],[-71.4980803,19.2698275],[-71.497858,19.2693767],[-71.4975289,19.2689936],[-71.4974985,19.2689582],[-71.497395,19.2682831],[-71.4968747,19.2678031],[-71.4968201,19.2672725],[-71.496858,19.2666963],[-71.4971763,19.2661605],[-71.4978675,19.2656196],[-71.4986588,19.2655203],[-71.4996439,19.2659053],[-71.5000142,19.2657231],[-71.499396,19.2649345],[-71.4987839,19.2645443],[-71.4978514,19.264557],[-71.4971927,19.2641675],[-71.497178,19.2639675],[-71.497105,19.2639254],[-71.49697,19.2637533],[-71.4969931,19.2634621],[-71.4970135,19.2630859],[-71.4970421,19.262759],[-71.4972338,19.262451],[-71.4974227,19.2622143],[-71.4975726,19.2621454],[-71.4978459,19.2620904],[-71.4981067,19.2620457],[-71.4985437,19.2619585],[-71.4987692,19.2618978],[-71.4988749,19.2617637],[-71.4989642,19.261445],[-71.4990186,19.2610964],[-71.4991277,19.260939],[-71.4991879,19.26087],[-71.4991444,19.2606424],[-71.4991019,19.2601457],[-71.499015,19.2600561],[-71.498966,19.2599328],[-71.4989047,19.2597],[-71.4989713,19.2594704],[-71.4991214,19.2592884],[-71.4992386,19.2590443],[-71.4992405,19.2588183],[-71.4991922,19.2585853],[-71.499212,19.2584188],[-71.4993572,19.2582643],[-71.4996395,19.2581234],[-71.4999678,19.2578886],[-71.4999913,19.2577447],[-71.4994164,19.2570516],[-71.4988096,19.2570156],[-71.498157,19.2570245],[-71.4977793,19.2567197],[-71.4974436,19.2561043],[-71.4969207,19.2554472],[-71.4963999,19.2549229],[-71.4966243,19.2543441],[-71.4973568,19.2534485],[-71.4979054,19.2527324],[-71.4982656,19.2518861],[-71.4976509,19.2513188],[-71.4969064,19.2514175],[-71.4962584,19.2517364],[-71.4956131,19.2522323],[-71.495062,19.2523079],[-71.4948955,19.2523307],[-71.4944024,19.2523374],[-71.493566,19.2525259],[-71.4931078,19.2530636],[-71.4927429,19.2536],[-71.4924327,19.2537526],[-71.4925684,19.2540948],[-71.4929214,19.2542589],[-71.4931188,19.2544418],[-71.4932369,19.2546571],[-71.4933464,19.2548104],[-71.4932522,19.2551301],[-71.492979,19.255302],[-71.4927131,19.2554116],[-71.4924715,19.2556619],[-71.4922575,19.2559026],[-71.4921506,19.2561419],[-71.4920186,19.2564231],[-71.4919432,19.2566388],[-71.4916907,19.2568066],[-71.4915671,19.2568434],[-71.4913698,19.2567679],[-71.4912327,19.2566364],[-71.4911673,19.2564371],[-71.4912103,19.2560637],[-71.491263,19.2556841],[-71.491376,19.25536],[-71.4915091,19.2550105],[-71.4915184,19.2547581],[-71.4914343,19.2545687],[-71.4913843,19.2545536],[-71.4912685,19.2547715],[-71.490763,19.2552655],[-71.4903022,19.2556261],[-71.4898826,19.2556318],[-71.4896901,19.2552358],[-71.4896814,19.2546602],[-71.4892545,19.2541789],[-71.4888816,19.254184],[-71.4883735,19.2545009],[-71.4881484,19.2550354],[-71.4884368,19.2556072],[-71.488549,19.2559608],[-71.4886326,19.2562245],[-71.4884981,19.2565806],[-71.4878914,19.2565446],[-71.4873759,19.2563744],[-71.4872327,19.256155],[-71.4868064,19.2557179],[-71.4864328,19.2556787],[-71.4860605,19.2557281],[-71.4855431,19.2554251],[-71.4854458,19.2551607],[-71.4856243,19.2546269],[-71.4856603,19.2544941],[-71.4856975,19.2543566],[-71.4856525,19.2539861],[-71.4856556,19.2539752],[-71.4853745,19.2535232],[-71.4848124,19.2533537],[-71.4841604,19.2534068],[-71.4836969,19.2535902],[-71.4836215,19.2536364],[-71.4835482,19.2536813],[-71.4834431,19.2538481],[-71.4833331,19.2538131],[-71.4833273,19.2538167],[-71.4829117,19.254088],[-71.4828731,19.25462],[-71.4825987,19.254978],[-71.4821345,19.2551171],[-71.4816637,19.2548135],[-71.4814732,19.2545504],[-71.4809024,19.2538053],[-71.4802917,19.2535036],[-71.4799214,19.2536858],[-71.4796484,19.2541323],[-71.4795518,19.2541798],[-71.4795506,19.254238],[-71.4795694,19.2545322],[-71.4794934,19.2547658],[-71.4793337,19.2548738],[-71.4791985,19.2550303],[-71.4790695,19.2551497],[-71.4789128,19.2551915],[-71.4788406,19.255136],[-71.478809,19.2549281],[-71.4787418,19.2546506],[-71.4787561,19.2545301],[-71.4788568,19.2543102],[-71.478899,19.2540819],[-71.4787805,19.2539227],[-71.4782931,19.2539293],[-71.477781,19.2539805],[-71.4777428,19.2538545],[-71.477709,19.2540065],[-71.4775531,19.2542586],[-71.4774172,19.2544493],[-71.4772559,19.2544077],[-71.4771146,19.2541988],[-71.4768819,19.2540229],[-71.4766903,19.253977],[-71.476446,19.2539356],[-71.4761161,19.253899],[-71.475906,19.2538644],[-71.4758582,19.2538594],[-71.4759655,19.2541822],[-71.4763458,19.2546642],[-71.4763977,19.2550178],[-71.4759322,19.2550684],[-71.4754194,19.2550753],[-71.4751343,19.2547249],[-71.4750426,19.2546523],[-71.4750346,19.2547212],[-71.4750476,19.2549143],[-71.474978,19.2551408],[-71.4747015,19.2550902],[-71.4744979,19.2550011],[-71.474171,19.2548421],[-71.474137,19.2548272],[-71.473829,19.2547151],[-71.4736427,19.2545832],[-71.4735725,19.2545389],[-71.4735466,19.2545693],[-71.4728473,19.2545787],[-71.4724277,19.2545844],[-71.4720022,19.2541916],[-71.4715853,19.2543744],[-71.4714527,19.2548633],[-71.4711803,19.2553541],[-71.470812,19.2556691],[-71.4702985,19.2556317],[-71.4698316,19.2553451],[-71.4698151,19.2552575],[-71.4692692,19.2545326],[-71.4686162,19.2538347],[-71.4684403,19.2535353],[-71.4681835,19.2536821],[-71.4680292,19.2538787],[-71.4677956,19.2539118],[-71.4673661,19.2538257],[-71.4669499,19.2537002],[-71.4665198,19.2535748],[-71.4658927,19.2532028],[-71.4654796,19.2528295],[-71.4646853,19.2520342],[-71.4646818,19.2520252],[-71.4643338,19.2512623],[-71.4643067,19.2512039],[-71.4642074,19.2509818],[-71.4639044,19.2503921],[-71.4632179,19.2494982],[-71.4623478,19.2490155],[-71.4623236,19.2490023],[-71.4613595,19.2488008],[-71.4613467,19.2487987],[-71.4603979,19.2489943],[-71.4597653,19.2494928],[-71.4586212,19.2500929],[-71.458076,19.2502289],[-71.4570798,19.2501565],[-71.456449,19.2499121],[-71.456433,19.249892],[-71.4559828,19.2493043],[-71.4559051,19.2489369],[-71.4558751,19.2487955],[-71.4551415,19.2480264],[-71.4543068,19.247936],[-71.4535942,19.2475437],[-71.4530954,19.2472705],[-71.452816,19.2468859],[-71.4525435,19.2465102],[-71.4522964,19.2461388],[-71.4518973,19.245539],[-71.4514666,19.2450662],[-71.4508541,19.2445506],[-71.4502887,19.2442037],[-71.4489427,19.2435376],[-71.4484514,19.2431785],[-71.4478322,19.2424169],[-71.4474351,19.2417494],[-71.4471061,19.2412932],[-71.446922,19.2410089],[-71.446496,19.2406918],[-71.4460151,19.240574],[-71.4447903,19.2405181],[-71.4443124,19.2406216],[-71.4432356,19.2412253],[-71.4428722,19.2416929],[-71.4423198,19.2421654],[-71.4419756,19.2422174],[-71.4414433,19.2422697],[-71.4411158,19.2420821],[-71.4408904,19.2419519],[-71.440682,19.2415122],[-71.4405716,19.2412789],[-71.4405032,19.2411353],[-71.4403321,19.2407696],[-71.4402231,19.2405904],[-71.4401634,19.2404918],[-71.44004,19.2403106],[-71.4399312,19.2401518],[-71.4394735,19.2397312],[-71.4376838,19.2399911],[-71.4376767,19.2399922],[-71.4363171,19.2411369],[-71.4357113,19.2416168],[-71.435146,19.2422452],[-71.4346076,19.2426927],[-71.4338133,19.2432745],[-71.4331445,19.244042],[-71.4328783,19.2434111],[-71.4321833,19.2425511],[-71.4315121,19.2417743],[-71.4307562,19.2406509],[-71.4298832,19.2393847],[-71.4292672,19.2387268],[-71.4289592,19.238399],[-71.4275951,19.2379249],[-71.4269763,19.2377096],[-71.4269548,19.2377031],[-71.4269082,19.2376857],[-71.4242273,19.2375993],[-71.4223292,19.2373693],[-71.42228,19.2373632],[-71.4208656,19.2372464],[-71.4205221,19.2371065],[-71.4197588,19.2366289],[-71.4188939,19.2360669],[-71.4183421,19.2357084],[-71.4171591,19.2349564],[-71.4162488,19.2336408],[-71.415992,19.2331881],[-71.415737,19.2327399],[-71.4157342,19.2325436],[-71.4156862,19.2316298],[-71.4154411,19.2313418],[-71.4149261,19.2308677],[-71.4135131,19.2300103],[-71.4129121,19.2295531],[-71.4119451,19.2280283],[-71.41162,19.2273281],[-71.4115221,19.2270924],[-71.4102561,19.2262782],[-71.4094271,19.2249118],[-71.4083631,19.2236615],[-71.4065851,19.2214903],[-71.405989,19.2208727],[-71.405022,19.2199462],[-71.4043,19.2193257],[-71.403208,19.2182969],[-71.401934,19.2177831],[-71.400438,19.2176243],[-71.3987371,19.2175495],[-71.398349,19.217532],[-71.397251,19.2175261],[-71.396246,19.2179637],[-71.395523,19.2181448],[-71.394855,19.217869],[-71.393698,19.2176787],[-71.3928069,19.2170333],[-71.3921759,19.2161971],[-71.3913238,19.2156731],[-71.3905138,19.2159321],[-71.3895518,19.2163307],[-71.3872899,19.2163941],[-71.3865578,19.2170405],[-71.3861857,19.2179778],[-71.3858477,19.218848],[-71.3855059,19.2194519],[-71.3849941,19.2204243],[-71.3844078,19.221098],[-71.3840679,19.2218351],[-71.3833779,19.22261],[-71.3829348,19.2234816],[-71.3821396,19.2242579],[-71.3816244,19.2249972],[-71.3810694,19.2254041],[-71.3804096,19.2258456],[-71.3795453,19.2266894],[-71.3792068,19.2275263],[-71.378899,19.2280631],[-71.3785366,19.2284601],[-71.3776899,19.229311],[-71.3764093,19.2304599],[-71.3754061,19.2314054],[-71.3750958,19.2319568],[-71.374763,19.2325856],[-71.3744853,19.2333884],[-71.3741539,19.234117],[-71.3740055,19.2347683],[-71.3740181,19.2356424],[-71.3740054,19.2363919],[-71.3741184,19.2368737],[-71.3742435,19.2372267],[-71.3742554,19.2372152],[-71.3743435,19.2374557],[-71.3748058,19.2385176],[-71.3749583,19.2390192],[-71.375055,19.2398217],[-71.3754531,19.2406203],[-71.3756588,19.2414553],[-71.3757999,19.2420044],[-71.3762286,19.2424459],[-71.3763106,19.2430657],[-71.3764063,19.2437983],[-71.3769341,19.2444123],[-71.3769589,19.2445097],[-71.3771522,19.2452697],[-71.3770152,19.2457637],[-71.3766247,19.2462294],[-71.376474,19.2466197],[-71.3765559,19.2472395],[-71.3764082,19.2478262],[-71.3762451,19.2481964],[-71.3761125,19.2481981],[-71.375833,19.2480527],[-71.375568,19.2480674],[-71.3753908,19.2482978],[-71.375195,19.2488874],[-71.3749848,19.2493372],[-71.3747546,19.2492588],[-71.3745132,19.2492394],[-71.3743362,19.2494833],[-71.3743887,19.2497693],[-71.3745037,19.2501923],[-71.3746439,19.2506715],[-71.3747233,19.2511423],[-71.3745957,19.2514646],[-71.3743081,19.2515722],[-71.3739137,19.251794],[-71.3736927,19.252314],[-71.3735323,19.2528557],[-71.373424,19.2536496],[-71.3734445,19.2542002],[-71.373194,19.2543751],[-71.3728984,19.254756],[-71.3730019,19.2552152],[-71.3729829,19.2555474],[-71.3726035,19.2559542],[-71.3724597,19.2567937],[-71.3727194,19.2572148],[-71.3727138,19.2576281],[-71.3726528,19.2577961],[-71.372471,19.2582973],[-71.3720117,19.2590145],[-71.3727529,19.2593842],[-71.3739604,19.2595062],[-71.3750079,19.2602038],[-71.3759878,19.2612026],[-71.3764883,19.261598],[-71.3769496,19.2617974],[-71.377392,19.2615637],[-71.3777668,19.2608589],[-71.3782964,19.2603287],[-71.37833,19.2602399],[-71.3785017,19.2600111],[-71.3787361,19.2597211],[-71.3789099,19.2596433],[-71.3789266,19.2596339],[-71.3791308,19.2595196],[-71.3793377,19.259532],[-71.3794658,19.2595907],[-71.3797688,19.2596472],[-71.3799214,19.2597059],[-71.3800727,19.2597641],[-71.380233,19.2598526],[-71.3804379,19.2600329],[-71.3805713,19.2601503],[-71.3807007,19.2602997],[-71.3808305,19.2604792],[-71.380929,19.2606894],[-71.3810603,19.2609747],[-71.3811738,19.2611243],[-71.3814313,19.2613324],[-71.3819748,19.2615217],[-71.3823745,19.2616675],[-71.3826126,19.2616342],[-71.3827383,19.2615268],[-71.3829422,19.2613278],[-71.3830977,19.2610841],[-71.3832199,19.2607351],[-71.3832959,19.2604924],[-71.383405,19.26034],[-71.3834523,19.2603091],[-71.3836391,19.2603469],[-71.3838032,19.2603801],[-71.3840115,19.2604831],[-71.38414,19.260572],[-71.3842851,19.2607061],[-71.3842866,19.2607074],[-71.3844944,19.2608846],[-71.3846073,19.2609889],[-71.3848009,19.2611827],[-71.385122,19.26139],[-71.3853627,19.2615379],[-71.3855721,19.2617164],[-71.3860513,19.2618612],[-71.38661,19.2620049],[-71.3869122,19.262001],[-71.3870847,19.2618326],[-71.3871936,19.261665],[-71.3875898,19.2615692],[-71.3877011,19.2615678],[-71.3881155,19.2616228],[-71.3884019,19.2616341],[-71.3885925,19.2616165],[-71.3892438,19.2615627],[-71.3893048,19.2613895],[-71.3893971,19.2613755],[-71.3897208,19.2620351],[-71.3897826,19.2629081],[-71.389674,19.2636771],[-71.3890434,19.2649949],[-71.3886762,19.2662031],[-71.3888472,19.2671085],[-71.3893151,19.2685135],[-71.3893199,19.269604],[-71.3895011,19.2703941],[-71.3901261,19.271052],[-71.3910018,19.271544],[-71.3917107,19.2721557],[-71.3921874,19.2725739],[-71.3929924,19.2731617],[-71.3933188,19.273995],[-71.3934574,19.2743816],[-71.3938359,19.2746882],[-71.3948763,19.2749048],[-71.3956928,19.2746864],[-71.3963984,19.2743227],[-71.3972151,19.2741155],[-71.3976804,19.2738001],[-71.3983249,19.2733785],[-71.3990744,19.2735064],[-71.3994863,19.2736387],[-71.3997726,19.2734294],[-71.4002136,19.2731031],[-71.4002251,19.2730781],[-71.4006947,19.2732847],[-71.4007969,19.2736695],[-71.4010246,19.2739826],[-71.4013208,19.2742564],[-71.4016583,19.2745071],[-71.4020193,19.2747417],[-71.4023858,19.2749739],[-71.4027402,19.2752131],[-71.4030764,19.2753735],[-71.4034567,19.2755175],[-71.4038349,19.2756638],[-71.4042049,19.275826],[-71.4045716,19.2760018],[-71.404942,19.2761843],[-71.4052907,19.2763942],[-71.4055911,19.2766431],[-71.4058267,19.2769516],[-71.4060181,19.277299],[-71.4061943,19.2776602],[-71.4063848,19.2780077],[-71.4066209,19.2783116],[-71.4069767,19.2784966],[-71.4073524,19.27867],[-71.4076705,19.2789096],[-71.4079783,19.2791652],[-71.4082818,19.2794254],[-71.4085872,19.2796833],[-71.4089003,19.279932],[-71.4092231,19.2801693],[-71.409551,19.2803998],[-71.4098794,19.2806303],[-71.4102079,19.280863],[-71.4105423,19.2810866],[-71.4108789,19.2813102],[-71.4112136,19.2815361],[-71.4115427,19.2817666],[-71.4118617,19.2820062],[-71.412167,19.2822573],[-71.412445,19.2825358],[-71.4126885,19.2828464],[-71.4129172,19.2831708],[-71.4131515,19.2834928],[-71.4134111,19.2837919],[-71.4136927,19.2840704],[-71.4139861,19.284342],[-71.414284,19.2846067],[-71.4145796,19.284876],[-71.4148696,19.2851499],[-71.4151664,19.2854214],[-71.4154565,19.2856975],[-71.4157225,19.2859875],[-71.4158889,19.2863308],[-71.4160021,19.2867041],[-71.4162505,19.2870101],[-71.4165274,19.2872999],[-71.4167964,19.2875944],[-71.4170206,19.2879143],[-71.4171814,19.2882757],[-71.4173104,19.2886555],[-71.4174475,19.2890262],[-71.4176322,19.2893579],[-71.4179381,19.2896045],[-71.4183514,19.2897729],[-71.418702,19.2899624],[-71.4187956,19.2903924],[-71.4186779,19.2908049],[-71.418644,19.2912027],[-71.4186368,19.2916024],[-71.4186539,19.2919973],[-71.4187285,19.2923711],[-71.4188962,19.2927053],[-71.4191553,19.2930044],[-71.4193302,19.2934131],[-71.4194344,19.2937864],[-71.4195599,19.2942717],[-71.4196667,19.2948322],[-71.4198375,19.2954039],[-71.4198391,19.2958227],[-71.4199833,19.2962329],[-71.420146,19.2965679],[-71.4203701,19.297052],[-71.4205937,19.2974986],[-71.4206387,19.2978726],[-71.4206682,19.2983194],[-71.4206869,19.2984293],[-71.421381,19.2988558],[-71.4216877,19.2991837],[-71.4216931,19.2995297],[-71.4123303,19.2989208],[-71.409021,19.2992196],[-71.4052098,19.3000636],[-71.4049565,19.3003763],[-71.404661,19.3006895],[-71.4043542,19.3009125],[-71.4040506,19.3011446],[-71.4037446,19.3013721],[-71.403431,19.3015817],[-71.4031045,19.3017666],[-71.4029806,19.3018184],[-71.4027587,19.3019112],[-71.4023925,19.3020153],[-71.4020134,19.3020926],[-71.4016303,19.3021631],[-71.401251,19.3022381],[-71.4009361,19.3023488],[-71.4003249,19.3013777],[-71.3997349,19.3004015],[-71.3995746,19.2998543],[-71.3991781,19.3002328],[-71.3985474,19.3007694],[-71.3978301,19.3011582],[-71.3971157,19.3017524],[-71.3962631,19.3027615],[-71.3957876,19.3031922],[-71.3949754,19.3036973],[-71.3943277,19.3039226],[-71.3940925,19.304305],[-71.3939813,19.3049025],[-71.393506,19.3053558],[-71.3931762,19.3058658],[-71.3928833,19.3064093],[-71.3926464,19.3066879],[-71.3921324,19.3069814],[-71.3916546,19.3072744],[-71.3911425,19.3076942],[-71.390485,19.3080686],[-71.3900417,19.3082483],[-71.3895678,19.3087919],[-71.3892866,19.3093126],[-71.3893654,19.309736],[-71.3896165,19.3101897],[-71.3897128,19.3103636],[-71.3897117,19.3110636],[-71.3896262,19.3117646],[-71.389462,19.3120648],[-71.3892066,19.3119304],[-71.3888145,19.3115337],[-71.3884982,19.3113549],[-71.3883481,19.3113933],[-71.3881259,19.3114501],[-71.3878895,19.3117625],[-71.3877919,19.3119192],[-71.3876071,19.3122155],[-71.3872448,19.3129541],[-71.3865492,19.3139837],[-71.3865143,19.3148444],[-71.3866477,19.315669],[-71.3868654,19.3164699],[-71.3862559,19.3168346],[-71.3859557,19.3169176],[-71.3856019,19.317428],[-71.3851642,19.3179846],[-71.3859262,19.3181237],[-71.3862195,19.3183727],[-71.386453,19.3186451],[-71.3866888,19.3190778],[-71.386688,19.3198003],[-71.3867716,19.3205239],[-71.387001,19.3213112],[-71.3874225,19.3212718],[-71.3880111,19.3211263],[-71.3883864,19.321214],[-71.3883681,19.3215823],[-71.3883727,19.3218802],[-71.3881629,19.3223526],[-71.3881365,19.3229851],[-71.3885875,19.3232885],[-71.3890055,19.3237888],[-71.38912,19.3241757],[-71.3891534,19.3247735],[-71.3884219,19.325036],[-71.3884288,19.3254829],[-71.3888435,19.3257756],[-71.3891919,19.3264709],[-71.3892945,19.3268602],[-71.3892578,19.3275944],[-71.3893872,19.3281662],[-71.3894869,19.3291403],[-71.389459,19.3304502],[-71.389188,19.3316345],[-71.3890035,19.3321766],[-71.3895017,19.3325509],[-71.3903887,19.3329575],[-71.3908388,19.3336207],[-71.3910869,19.3341702],[-71.3906834,19.3350445],[-71.3901622,19.3355532],[-71.389839,19.3361397],[-71.3896543,19.3369817],[-71.3898842,19.3373203],[-71.3901045,19.3376449],[-71.389958,19.3383599],[-71.389736,19.338427],[-71.389013,19.3386455],[-71.3883683,19.339424],[-71.388407,19.3405117],[-71.388225,19.3416841],[-71.3882558,19.3419405],[-71.3883253,19.3425192],[-71.3890409,19.3432625],[-71.3893162,19.3440116],[-71.389677,19.3445924],[-71.3901211,19.3448374],[-71.3909164,19.3449943],[-71.3911892,19.3455761],[-71.3907714,19.3458742],[-71.3907988,19.3462825],[-71.3907178,19.346631],[-71.3904194,19.3468392],[-71.3901007,19.3471295],[-71.3901061,19.3474973],[-71.3901757,19.3478438],[-71.3902427,19.3480064],[-71.390225,19.3482723],[-71.390161,19.348314],[-71.3899679,19.3483574],[-71.3896645,19.3482183],[-71.3888424,19.3477815],[-71.3878722,19.3477106],[-71.3869007,19.3475561],[-71.38592,19.3473655],[-71.3854925,19.3476581],[-71.3852331,19.3479961],[-71.3853494,19.3482889],[-71.3855365,19.3490392],[-71.3860735,19.3496176],[-71.3866963,19.3500276],[-71.3875796,19.3501833],[-71.3882,19.3504261],[-71.3887322,19.35067],[-71.389126,19.3513651],[-71.389104,19.3520033],[-71.3887541,19.3521752],[-71.3881399,19.3523505],[-71.3876149,19.3526083],[-71.3876235,19.3531937],[-71.3878963,19.3537755],[-71.3880092,19.3539573],[-71.3882572,19.3543563],[-71.3884431,19.3550229],[-71.3886303,19.3557732],[-71.3888199,19.3566907],[-71.3889201,19.3575258],[-71.388915,19.3581664],[-71.3886717,19.3586163],[-71.3883266,19.3591227],[-71.3882446,19.3595419],[-71.3889481,19.359449],[-71.3894755,19.3593585],[-71.3897422,19.3595223],[-71.3900995,19.3598521],[-71.3901081,19.3604375],[-71.3900297,19.3611076],[-71.3896883,19.3618648],[-71.3894337,19.3625372],[-71.3895279,19.3629542],[-71.3899684,19.3629484],[-71.3904053,19.3626917],[-71.3910171,19.3623492],[-71.3914551,19.3621761],[-71.3920779,19.3625861],[-71.3926175,19.3633318],[-71.3932464,19.3641599],[-71.393961,19.3648195],[-71.394678,19.3656465],[-71.3952176,19.3663921],[-71.3957548,19.3669705],[-71.3962883,19.367298],[-71.3968181,19.3673747],[-71.397611,19.3673642],[-71.3981445,19.3676917],[-71.3985912,19.368104],[-71.3986891,19.3687718],[-71.3992262,19.3693502],[-71.399936,19.3696754],[-71.4002113,19.3704245],[-71.4003985,19.3711747],[-71.4004071,19.3717601],[-71.4011168,19.3720852],[-71.4016516,19.3724964],[-71.4021876,19.3729911],[-71.4027248,19.3735694],[-71.403087,19.3742338],[-71.4035312,19.3744788],[-71.4039705,19.3743894],[-71.404493,19.3739643],[-71.4050241,19.3741245],[-71.4053826,19.374538],[-71.4055674,19.375121],[-71.405751,19.3756203],[-71.4062809,19.375697],[-71.4066284,19.3753578],[-71.4071533,19.3751],[-71.4076857,19.3753438],[-71.4078909,19.3756701],[-71.4078742,19.3761777],[-71.4079936,19.3763427],[-71.408266,19.3761528],[-71.408828,19.3759646],[-71.4096198,19.3758704],[-71.4105281,19.3757799],[-71.4105877,19.375774],[-71.411027,19.3756845],[-71.4115829,19.3754021],[-71.4118125,19.3751723],[-71.41216,19.3748331],[-71.4125969,19.3745764],[-71.4130337,19.3743197],[-71.4134742,19.3743139],[-71.4137348,19.3740595],[-71.4137311,19.3738087],[-71.4134594,19.3733105],[-71.4133642,19.3730934],[-71.4132771,19.3728947],[-71.4131803,19.3723105],[-71.4130848,19.37181],[-71.4131668,19.3713907],[-71.4134299,19.3713036],[-71.413781,19.3712153],[-71.4143121,19.3713755],[-71.4146707,19.3717889],[-71.4148936,19.372046],[-71.4150293,19.3722023],[-71.415301,19.3727006],[-71.4153933,19.3732579],[-71.4153977,19.3732847],[-71.4154157,19.3732929],[-71.41593,19.3735286],[-71.4163706,19.3735227],[-71.4167193,19.3732672],[-71.4167987,19.3726807],[-71.4166164,19.3722649],[-71.4165221,19.371848],[-71.4163397,19.3714322],[-71.4159812,19.3710188],[-71.4159809,19.3710179],[-71.4158881,19.3706855],[-71.4160619,19.3705159],[-71.4160804,19.3705157],[-71.4165905,19.3705089],[-71.4172928,19.3703323],[-71.4177321,19.3702428],[-71.4180281,19.370192],[-71.4181507,19.3705074],[-71.4182682,19.3709116],[-71.4184768,19.371191],[-71.4187775,19.3714163],[-71.4193023,19.3717092],[-71.4198255,19.3718963],[-71.4201166,19.3719622],[-71.4205892,19.3720096],[-71.4208889,19.3721644],[-71.4211145,19.3723378],[-71.4214508,19.3724568],[-71.4220135,19.3728021],[-71.4226142,19.3731998],[-71.4233661,19.3737719],[-71.4237411,19.3740794],[-71.4237652,19.3740665],[-71.4241021,19.3738475],[-71.4244297,19.3736151],[-71.4247504,19.3733715],[-71.425065,19.3731212],[-71.425365,19.3728576],[-71.4256559,19.3725805],[-71.4259586,19.3723213],[-71.4263024,19.3721023],[-71.4266732,19.3719144],[-71.4270062,19.3716955],[-71.4274572,19.3716899],[-71.4281469,19.3716814],[-71.4287375,19.3716741],[-71.429078,19.3716698],[-71.4320899,19.3714934],[-71.4366441,19.3713194],[-71.4399558,19.3714698],[-71.4417193,19.3715315],[-71.4413272,19.3719783],[-71.4414457,19.3727237],[-71.4414525,19.373178],[-71.4417783,19.3736279],[-71.4421862,19.3742282],[-71.4425565,19.3749805],[-71.4425296,19.3758517],[-71.4423403,19.3765357],[-71.4419488,19.3770332],[-71.441392,19.3771542],[-71.4407139,19.3771633],[-71.440278,19.3773585],[-71.4400848,19.3777776],[-71.4396904,19.3780858],[-71.4389747,19.3782468],[-71.4386296,19.3782813],[-71.4384715,19.3787405],[-71.4380863,19.3791244],[-71.4379606,19.3792497],[-71.4378611,19.379825],[-71.4378184,19.3799342],[-71.4378034,19.3799663],[-71.4377964,19.379977],[-71.4377079,19.3802632],[-71.4375303,19.3803864],[-71.4375173,19.380403],[-71.4373592,19.3805188],[-71.4372396,19.3807542],[-71.4371023,19.3810241],[-71.436782,19.3814921],[-71.4364015,19.3818755],[-71.4363231,19.3819545],[-71.4358863,19.3822113],[-71.435438,19.3823613],[-71.4353676,19.3828873],[-71.4350201,19.3832265],[-71.4348138,19.3832685],[-71.4333016,19.3830934],[-71.4332617,19.3830679],[-71.4263026,19.3831232],[-71.4250216,19.3830453],[-71.4249721,19.3831099],[-71.4245427,19.3838683],[-71.4242907,19.384708],[-71.4241269,19.3855466],[-71.4240838,19.3857361],[-71.4238787,19.3866371],[-71.4238322,19.386943],[-71.4237369,19.3875707],[-71.4235535,19.3884814],[-71.4235621,19.3890668],[-71.4233089,19.3898228],[-71.4226819,19.3905358],[-71.4220939,19.3910936],[-71.421277,19.3912658],[-71.4207821,19.3917801],[-71.4201678,19.3919556],[-71.419824,19.3925456],[-71.4198339,19.3932146],[-71.4194864,19.3935537],[-71.4190557,19.3942285],[-71.4183619,19.3949905],[-71.4175751,19.3954191],[-71.4168813,19.3961811],[-71.4160671,19.3966659],[-71.4153619,19.3970117],[-71.4109228,19.3966479],[-71.407861,19.3965152],[-71.4081767,19.3967481],[-71.4085904,19.3969375],[-71.4087091,19.3969919],[-71.4094128,19.3968989],[-71.4097095,19.3969652],[-71.4101202,19.3970568],[-71.4107407,19.3972995],[-71.4111887,19.3977954],[-71.4113736,19.3983784],[-71.4114715,19.3990462],[-71.4113933,19.3997163],[-71.4112232,19.4001367],[-71.4106945,19.4001437],[-71.4101633,19.3999835],[-71.409544,19.3998245],[-71.408926,19.399749],[-71.4087829,19.3998055],[-71.4084878,19.3999221],[-71.4077866,19.4001823],[-71.4070153,19.4004377],[-71.4069972,19.4004437],[-71.4069033,19.400597],[-71.4068293,19.4007179],[-71.406739,19.4008653],[-71.4067464,19.401367],[-71.4069288,19.4017827],[-71.4076362,19.4019406],[-71.4082567,19.4021833],[-71.4086673,19.4023988],[-71.4088785,19.4025096],[-71.4090562,19.4027954],[-71.4092396,19.4030903],[-71.4093376,19.4037581],[-71.4091675,19.4041785],[-71.4092642,19.4047627],[-71.409357,19.4051995],[-71.4090171,19.4059368],[-71.4084921,19.4061947],[-71.4079879,19.4064423],[-71.407967,19.4064526],[-71.4073502,19.4064608],[-71.4067346,19.4065526],[-71.4062071,19.4066432],[-71.4059457,19.406615],[-71.4059376,19.4065964],[-71.40564,19.4065619],[-71.405632,19.4065787],[-71.4056309,19.406581],[-71.4050639,19.4068256],[-71.4049832,19.4073285],[-71.4055181,19.4077396],[-71.4063161,19.4080635],[-71.4063369,19.4080922],[-71.406676,19.4085606],[-71.4066774,19.4086542],[-71.4066871,19.4093132],[-71.4069236,19.4097893],[-71.4071412,19.4102271],[-71.4075917,19.4108902],[-71.4077753,19.4113896],[-71.4077827,19.4118913],[-71.4075233,19.4122293],[-71.4073118,19.4123514],[-71.4071246,19.4124691],[-71.4068324,19.4127802],[-71.4066531,19.4129936],[-71.4065012,19.4131943],[-71.4064375,19.4134511],[-71.4065488,19.4136801],[-71.4066717,19.4137809],[-71.4068894,19.413906],[-71.4071213,19.4139151],[-71.4071324,19.4139156],[-71.407162,19.4139107],[-71.4073882,19.4138738],[-71.4075633,19.4137724],[-71.4076825,19.4137034],[-71.4078427,19.4135861],[-71.4080963,19.4134035],[-71.4083654,19.4133488],[-71.4086897,19.4133829],[-71.4090018,19.4135067],[-71.4093079,19.4137111],[-71.4095043,19.4137305],[-71.4095451,19.4137575],[-71.4095806,19.4137811],[-71.4098449,19.4139564],[-71.4101183,19.414196],[-71.4102158,19.4143995],[-71.4102482,19.4147703],[-71.4102486,19.4147987],[-71.4102527,19.4150775],[-71.4102413,19.4152184],[-71.4100631,19.4159377],[-71.4098967,19.4165543],[-71.4096892,19.4171203],[-71.4096124,19.417403],[-71.4095624,19.4176725],[-71.4096057,19.4178639],[-71.4097633,19.4180282],[-71.4100716,19.4181948],[-71.4102558,19.4182148],[-71.4104887,19.4181801],[-71.4108349,19.4181284],[-71.4108715,19.418123],[-71.4114015,19.4181996],[-71.4115826,19.4185317],[-71.4118771,19.4191373],[-71.4119463,19.4192796],[-71.4123148,19.420362],[-71.4124988,19.4209223],[-71.4126331,19.4213313],[-71.4127751,19.4217177],[-71.4127766,19.4217218],[-71.4128991,19.4220548],[-71.4130581,19.4229448],[-71.4131569,19.4236923],[-71.4133442,19.4241216],[-71.4133622,19.4241629],[-71.4135223,19.4245277],[-71.4140609,19.4251896],[-71.4142855,19.4252924],[-71.4147709,19.4255147],[-71.4149866,19.4260379],[-71.4150452,19.4261801],[-71.4153509,19.4263234],[-71.4154876,19.4264368],[-71.4154998,19.4264403],[-71.4158263,19.4265347],[-71.415969,19.4265399],[-71.4163393,19.4265535],[-71.4167575,19.4265479],[-71.4170204,19.426484],[-71.4171474,19.4264531],[-71.4175516,19.4264093],[-71.4178755,19.4264178],[-71.4181723,19.4264139],[-71.4186048,19.426436],[-71.4187665,19.4264443],[-71.4192265,19.4265278],[-71.4195512,19.4265875],[-71.4200637,19.4266535],[-71.4200919,19.4266571],[-71.4204839,19.4267031],[-71.4209033,19.4267743],[-71.421079,19.4267975],[-71.4212966,19.4269098],[-71.4214467,19.427023],[-71.4216112,19.4272001],[-71.4216536,19.4273275],[-71.4216603,19.4273393],[-71.4216904,19.4273917],[-71.4217921,19.4275689],[-71.4218913,19.4278876],[-71.4218952,19.4281564],[-71.4219129,19.4284377],[-71.42192,19.4285213],[-71.4219456,19.4288213],[-71.4220472,19.4293064],[-71.4221616,19.4297401],[-71.4224365,19.4300821],[-71.4227083,19.4302065],[-71.4230596,19.4302402],[-71.4233549,19.4301338],[-71.4234257,19.4300249],[-71.4234472,19.4299918],[-71.4234979,19.4297735],[-71.4235861,19.4293499],[-71.4236724,19.4287983],[-71.4236131,19.4284406],[-71.4235668,19.4280454],[-71.4235667,19.4280444],[-71.4235668,19.4280435],[-71.4236023,19.4277111],[-71.4236604,19.4274766],[-71.4237041,19.4273001],[-71.42384,19.4270824],[-71.4238491,19.4270678],[-71.4240891,19.4268726],[-71.4243169,19.4267671],[-71.4244476,19.4267757],[-71.424479,19.4267777],[-71.4244954,19.4267842],[-71.424574,19.4268149],[-71.42471,19.4268899],[-71.4248867,19.4269771],[-71.4249478,19.4271001],[-71.4249562,19.427117],[-71.4250398,19.4272951],[-71.4250993,19.4276655],[-71.4251444,19.4279722],[-71.4250733,19.4286388],[-71.4250638,19.4289077],[-71.4250985,19.4291264],[-71.4251531,19.4294698],[-71.4253205,19.4298388],[-71.4255569,19.4303092],[-71.4258748,19.430817],[-71.4260055,19.4311103],[-71.4260562,19.4312242],[-71.426303,19.4314898],[-71.4263891,19.4315603],[-71.4265489,19.4316913],[-71.4266013,19.4317171],[-71.4287164,19.4303059],[-71.42932,19.4295935],[-71.4322399,19.4259864],[-71.432218,19.4259175],[-71.4322106,19.4254158],[-71.4324712,19.4251614],[-71.4327331,19.4249906],[-71.4329948,19.4249248],[-71.4330844,19.4249023],[-71.4330977,19.4249267],[-71.4332656,19.4252344],[-71.4334469,19.4255665],[-71.4337994,19.4255618],[-71.4340651,19.4256419],[-71.4342351,19.4252214],[-71.434354,19.4246245],[-71.4343964,19.4242156],[-71.4348308,19.4237916],[-71.4353078,19.4237306],[-71.4355329,19.4237276],[-71.4355396,19.4241797],[-71.4355501,19.4248861],[-71.4353461,19.4271443],[-71.4354969,19.4292849],[-71.4350618,19.4319977],[-71.4346307,19.4325316],[-71.4342549,19.4329597],[-71.4338633,19.4334032],[-71.433234,19.4339253],[-71.4327301,19.4343098],[-71.4322748,19.4347541],[-71.4320739,19.4351647],[-71.4319862,19.4356947],[-71.4319268,19.4359575],[-71.4318486,19.4366276],[-71.4316058,19.4372496],[-71.4313376,19.437778],[-71.4313335,19.4377749],[-71.4313315,19.4377812],[-71.4307233,19.4380929],[-71.4300712,19.4382927],[-71.429421,19.4385334],[-71.4289841,19.4387901],[-71.4289021,19.4392094],[-71.4288227,19.4397959],[-71.4287118,19.4399587],[-71.4284776,19.4403023],[-71.4281325,19.4408087],[-71.4275205,19.4411515],[-71.4270836,19.4414082],[-71.4265597,19.4417498],[-71.4258558,19.4418428],[-71.4255986,19.4419692],[-71.4253307,19.4421008],[-71.4250725,19.4425224],[-71.4250651,19.4425767],[-71.4249909,19.4431174],[-71.4249136,19.4436954],[-71.4244779,19.4440358],[-71.4243972,19.4445386],[-71.4242308,19.4452099],[-71.424067,19.4460485],[-71.4239875,19.446635],[-71.4236387,19.4468905],[-71.4232899,19.4471461],[-71.4232092,19.447649],[-71.4232113,19.4477945],[-71.4232169,19.4481704],[-71.4232179,19.4482343],[-71.4238423,19.4487278],[-71.424463,19.4489704],[-71.4249294,19.4490194],[-71.4251694,19.4490446],[-71.4254764,19.4492464],[-71.4257927,19.4494544],[-71.425824,19.449476],[-71.4265053,19.4499467],[-71.4272154,19.4502717],[-71.4278386,19.4506815],[-71.4280574,19.4508496],[-71.4283737,19.4510925],[-71.4289982,19.451586],[-71.4291516,19.4517679],[-71.4294,19.4520626],[-71.4293922,19.4521812],[-71.4293657,19.4525847],[-71.4292014,19.452963],[-71.42911,19.4531735],[-71.4288506,19.4535115],[-71.4281454,19.453521],[-71.4283166,19.4539155],[-71.4286729,19.4541617],[-71.4293793,19.4542358],[-71.4299107,19.454396],[-71.4301789,19.4546433],[-71.4306221,19.4548046],[-71.4306283,19.4552227],[-71.430899,19.4556372],[-71.4313397,19.4556313],[-71.4319518,19.4552886],[-71.4325025,19.4548565],[-71.4326457,19.4545266],[-71.432928,19.4540745],[-71.4336947,19.453927],[-71.4343093,19.4537515],[-71.4352739,19.453404],[-71.4354103,19.453386],[-71.4359778,19.4533109],[-71.4361991,19.4534329],[-71.4364223,19.4535559],[-71.4370368,19.4533803],[-71.4373844,19.4530411],[-71.4378188,19.4526171],[-71.4382521,19.4521095],[-71.4387709,19.4514334],[-71.4391165,19.4513347],[-71.4393854,19.4512579],[-71.440175,19.4509964],[-71.4407097,19.4509165],[-71.4414777,19.4500838],[-71.4444261,19.4495564],[-71.4467248,19.44855],[-71.4478631,19.4473155],[-71.4498937,19.4455813],[-71.4511932,19.4439382],[-71.4514328,19.4436971],[-71.4514731,19.4436562],[-71.4518268,19.4436514],[-71.4522244,19.4436864],[-71.4525503,19.4436685],[-71.4527168,19.443617],[-71.4529816,19.4435865],[-71.4534907,19.4434899],[-71.4539992,19.4433575],[-71.4546192,19.443098],[-71.4552955,19.4428018],[-71.4555361,19.4424578],[-71.4558137,19.4420594],[-71.4560543,19.4417154],[-71.4564484,19.4415127],[-71.4570136,19.4413795],[-71.4573322,19.4411958],[-71.4575561,19.4409955],[-71.4577046,19.4408141],[-71.458022,19.4405408],[-71.4585852,19.4400768],[-71.4588755,19.4398471],[-71.4592092,19.4396597],[-71.4595366,19.4394634],[-71.4598453,19.4392447],[-71.4601264,19.4389925],[-71.4604039,19.4387359],[-71.4607002,19.4384993],[-71.4609994,19.438265],[-71.4612728,19.4380084],[-71.4615151,19.4377229],[-71.4616873,19.4374979],[-71.461392,19.4373283],[-71.4607712,19.4370858],[-71.4605018,19.4367549],[-71.4605811,19.4361684],[-71.4606604,19.4355819],[-71.460741,19.435079],[-71.4608241,19.4347434],[-71.4608152,19.4341581],[-71.4605446,19.4337436],[-71.4600963,19.4332478],[-71.4596494,19.4328357],[-71.459288,19.4322552],[-71.4591055,19.4318395],[-71.4589229,19.4314238],[-71.4587461,19.4307896],[-71.459011,19.4306913],[-71.4596279,19.4306829],[-71.4600554,19.4304434],[-71.4602398,19.4303401],[-71.4608157,19.4304004],[-71.4609461,19.4304141],[-71.4614531,19.4304072],[-71.4616512,19.4304046],[-71.4619999,19.4301489],[-71.4620854,19.4298389],[-71.462123,19.4297024],[-71.4621918,19.4295774],[-71.4623399,19.429308],[-71.462331,19.4287227],[-71.4623278,19.428508],[-71.4623278,19.4285055],[-71.4623197,19.4279701],[-71.4623121,19.4274684],[-71.4625689,19.4269632],[-71.463047,19.426486],[-71.463056,19.4264769],[-71.4637876,19.425943],[-71.4639728,19.4257923],[-71.4643101,19.4255178],[-71.4649232,19.4252585],[-71.4655822,19.4252496],[-71.4656282,19.425249],[-71.4664239,19.4254054],[-71.4672183,19.4254782],[-71.4677471,19.4254711],[-71.4681852,19.4252978],[-71.4680882,19.4247137],[-71.4679309,19.4245397],[-71.4677947,19.4243891],[-71.46764,19.424218],[-71.4671931,19.4238059],[-71.4666593,19.4234787],[-71.4666555,19.4232278],[-71.4669161,19.4229734],[-71.4674423,19.422799],[-71.4679673,19.4225409],[-71.4683147,19.4222017],[-71.468113,19.4218542],[-71.4679509,19.4214539],[-71.4675026,19.4209582],[-71.4669663,19.4204637],[-71.4665219,19.4202189],[-71.4659894,19.4199752],[-71.4654606,19.4199824],[-71.4649344,19.4201568],[-71.4643188,19.4202488],[-71.4637887,19.4201724],[-71.4633418,19.4197603],[-71.4634224,19.4192574],[-71.4633279,19.4188405],[-71.4628848,19.4186792],[-71.4622629,19.4183531],[-71.4616448,19.4182779],[-71.4610191,19.4177009],[-71.4606578,19.4171204],[-71.4606502,19.4166187],[-71.4608189,19.4161146],[-71.4614307,19.4157718],[-71.4620463,19.4156798],[-71.46275,19.4155866],[-71.4627537,19.4155854],[-71.4632763,19.4154122],[-71.4639787,19.4152354],[-71.464505,19.415061],[-71.465118,19.4148018],[-71.465643,19.4145438],[-71.4662445,19.4142067],[-71.4662548,19.4142009],[-71.4661675,19.4137444],[-71.4661591,19.4137004],[-71.466388,19.4131175],[-71.4666463,19.412606],[-71.4668321,19.4119928],[-71.4669095,19.4117165],[-71.4669355,19.4116235],[-71.4669866,19.4114414],[-71.4669986,19.4113983],[-71.4670182,19.4113598],[-71.4671312,19.4111375],[-71.4671414,19.4111367],[-71.4674625,19.4111144],[-71.4677759,19.4112027],[-71.4685216,19.4115072],[-71.4688539,19.411695],[-71.4690331,19.4117963],[-71.4694034,19.4117728],[-71.4695339,19.4117119],[-71.4697714,19.4116012],[-71.4703867,19.4110192],[-71.4705779,19.4105686],[-71.4706315,19.4104421],[-71.470626,19.4100721],[-71.4705989,19.4100406],[-71.4703281,19.4097245],[-71.4697598,19.4095472],[-71.4691288,19.4090931],[-71.4689928,19.4089287],[-71.468811,19.4087088],[-71.468865,19.408412],[-71.4690713,19.4083601],[-71.469409,19.408275],[-71.4694168,19.4082758],[-71.4701122,19.4083395],[-71.4706392,19.4085498],[-71.4707245,19.4085838],[-71.4707401,19.4085901],[-71.4709311,19.4086595],[-71.4714265,19.4088398],[-71.4722277,19.4089399],[-71.4724846,19.4088676],[-71.4728492,19.4087649],[-71.4729151,19.408716],[-71.4733314,19.4084067],[-71.473564,19.407949],[-71.4736344,19.4078104],[-71.4736438,19.4071441],[-71.4735819,19.407001],[-71.4733811,19.4065369],[-71.473187,19.4064394],[-71.4729523,19.4063214],[-71.4727718,19.4062306],[-71.4724576,19.4060869],[-71.4724913,19.4057348],[-71.4728955,19.4053777],[-71.4734966,19.4051474],[-71.4737133,19.4051681],[-71.4739472,19.4051905],[-71.4740044,19.405196],[-71.4741204,19.405039],[-71.4742529,19.4048595],[-71.474248,19.4047844],[-71.474236,19.4046016],[-71.4742282,19.4044812],[-71.4742275,19.4044712],[-71.4738633,19.404256],[-71.4736765,19.4041456],[-71.4734564,19.4039879],[-71.4733216,19.4038914],[-71.4731997,19.4035755],[-71.4731795,19.4035232],[-71.4731099,19.4032807],[-71.4729942,19.402878],[-71.4730008,19.4021704],[-71.473001,19.4021574],[-71.4730166,19.4004904],[-71.4728943,19.4001404],[-71.47285,19.4000022],[-71.4728449,19.3999864],[-71.4727505,19.3996612],[-71.472414,19.3993327],[-71.4723689,19.3993099],[-71.4723321,19.3992914],[-71.4722941,19.3992722],[-71.4722415,19.3992457],[-71.472021,19.3991345],[-71.471514,19.3991414],[-71.4713833,19.3993274],[-71.471304,19.3994403],[-71.4710921,19.3995177],[-71.4709354,19.3995749],[-71.4708813,19.3995397],[-71.4708283,19.3995053],[-71.4706006,19.3993574],[-71.4702039,19.3989186],[-71.4699912,19.398625],[-71.4699251,19.3985338],[-71.4698819,19.3982568],[-71.4700605,19.3980531],[-71.470227,19.3978634],[-71.4703526,19.3976247],[-71.4705114,19.3973229],[-71.4705173,19.3968791],[-71.4705205,19.396638],[-71.470264,19.3965132],[-71.4700063,19.3963877],[-71.4698918,19.396332],[-71.4696151,19.3961674],[-71.4695573,19.396133],[-71.4695301,19.3959486],[-71.4695223,19.3958956],[-71.4695138,19.3958374],[-71.4696234,19.3957304],[-71.4696495,19.395705],[-71.4698213,19.3955372],[-71.4700103,19.395234],[-71.4700275,19.3952064],[-71.4700308,19.3952012],[-71.4701355,19.3943855],[-71.4700485,19.393781],[-71.4700265,19.3936282],[-71.4699664,19.3935573],[-71.4695301,19.3930428],[-71.4694539,19.3925803],[-71.4694476,19.3921622],[-71.4697351,19.3921035],[-71.4698869,19.3920726],[-71.4705918,19.392063],[-71.4711179,19.3918886],[-71.4711972,19.3913021],[-71.4709746,19.3910457],[-71.4709716,19.3910422],[-71.4708385,19.3908888],[-71.4703111,19.3909796],[-71.4699599,19.391068],[-71.4693431,19.3910764],[-71.4691606,19.3906607],[-71.4695071,19.3900185],[-71.4699334,19.3893121],[-71.4701864,19.3885559],[-71.4706155,19.3877974],[-71.4707791,19.3869589],[-71.4710298,19.3862957],[-71.4710334,19.3862863],[-71.4708508,19.3858707],[-71.470404,19.3854586],[-71.470044,19.3849617],[-71.470102,19.3844314],[-71.470042,19.3839513],[-71.4696208,19.3837323],[-71.4695976,19.3837617],[-71.4695845,19.3837134],[-71.4692409,19.3843035],[-71.4689842,19.3848088],[-71.4686393,19.3853153],[-71.4682064,19.385823],[-71.4676752,19.3856629],[-71.4673152,19.385166],[-71.4670421,19.3845843],[-71.4669426,19.3838329],[-71.46711,19.3832452],[-71.4675159,19.3826219],[-71.4680603,19.3819778],[-71.4685839,19.3816362],[-71.4687928,19.3813293],[-71.4688899,19.3811868],[-71.4689287,19.3811297],[-71.4695391,19.3807032],[-71.4703283,19.3804416],[-71.4709425,19.380266],[-71.4714661,19.3799244],[-71.4716309,19.3791694],[-71.4716304,19.3791675],[-71.471517,19.3787618],[-71.4714446,19.3785029],[-71.4713957,19.3784113],[-71.4711211,19.377897],[-71.4709103,19.3774752],[-71.4707184,19.377091],[-71.4707666,19.3766771],[-71.4707964,19.3764209],[-71.4708693,19.3754163],[-71.4711185,19.3744093],[-71.4711092,19.3737891],[-71.4716242,19.3737002],[-71.4722167,19.3734496],[-71.4722371,19.373441],[-71.4725327,19.3734929],[-71.4726789,19.3735186],[-71.47321,19.3736786],[-71.473342,19.3736977],[-71.4737398,19.373755],[-71.4740029,19.3736678],[-71.474174,19.373331],[-71.4741797,19.3732889],[-71.4742533,19.3727445],[-71.4743351,19.3723252],[-71.4743335,19.3722234],[-71.4743275,19.3718235],[-71.474588,19.371569],[-71.4749404,19.3715643],[-71.475356,19.3716711],[-71.4760089,19.3717977],[-71.4764469,19.3721292],[-71.4767188,19.3726273],[-71.477012,19.372931],[-71.4770826,19.373375],[-71.4773507,19.3736223],[-71.4778818,19.3737823],[-71.4784091,19.3736915],[-71.4784142,19.3736907],[-71.4790246,19.3735994],[-71.4797268,19.3734226],[-71.4799045,19.3734508],[-71.4806985,19.3735766],[-71.4810577,19.373129],[-71.4817468,19.3729769],[-71.4817147,19.372792],[-71.4816717,19.3725444],[-71.481821,19.3720559],[-71.4814572,19.3713082],[-71.4814496,19.3708065],[-71.4818875,19.3706333],[-71.4822374,19.3704612],[-71.4822867,19.3704131],[-71.4825847,19.370122],[-71.4831108,19.3699475],[-71.4836381,19.3698567],[-71.4839867,19.369601],[-71.48427,19.3694344],[-71.4844233,19.3693442],[-71.4847681,19.3688377],[-71.484885,19.3684819],[-71.4846661,19.3679191],[-71.4847466,19.3674162],[-71.4847377,19.3668309],[-71.4846631,19.3666283],[-71.4846458,19.3665813],[-71.4845357,19.3666128],[-71.4840317,19.3667569],[-71.4838562,19.3665951],[-71.4836742,19.3664273],[-71.4830563,19.3663521],[-71.4826988,19.3660224],[-71.4831304,19.3654311],[-71.4834646,19.3651046],[-71.4836514,19.3649222],[-71.4841711,19.3643297],[-71.4846027,19.3637384],[-71.4848619,19.3634003],[-71.4849424,19.3628974],[-71.4850135,19.3625616],[-71.4850809,19.3622432],[-71.4848566,19.3617702],[-71.4848366,19.361728],[-71.4843004,19.3612335],[-71.4840298,19.3608191],[-71.4839316,19.3601514],[-71.4841895,19.3597297],[-71.4842321,19.3596964],[-71.4846249,19.3593892],[-71.4846173,19.3588875],[-71.4841692,19.3583918],[-71.4834569,19.3578998],[-71.4830969,19.3574029],[-71.4822122,19.3571641],[-71.4822104,19.3571659],[-71.4822013,19.3571621],[-71.4819366,19.3571156],[-71.4813288,19.3570088],[-71.4812493,19.3569932],[-71.4808788,19.3569203],[-71.4805335,19.3568524],[-71.4800854,19.3563567],[-71.479811,19.3556914],[-71.479589,19.3555277],[-71.4793655,19.355363],[-71.4787936,19.3549678],[-71.4787452,19.3549344],[-71.4786532,19.3548709],[-71.4782895,19.3541231],[-71.4779296,19.3536262],[-71.4778314,19.3529585],[-71.4777306,19.3521235],[-71.4780767,19.3517007],[-71.4785121,19.3513602],[-71.4789462,19.3509361],[-71.4790885,19.3506561],[-71.4792029,19.3504308],[-71.4793715,19.3499268],[-71.4802979,19.3495153],[-71.4805609,19.3493985],[-71.4808577,19.3495077],[-71.4815179,19.3497873],[-71.4818809,19.3487235],[-71.481561,19.3483674],[-71.4813239,19.3481035],[-71.4810698,19.3474048],[-71.4813728,19.3465698],[-71.4819626,19.3461987],[-71.4820989,19.3461129],[-71.4826319,19.3455277],[-71.4827169,19.3429302],[-71.4832739,19.3424733],[-71.4846899,19.3428175],[-71.4853439,19.3425196],[-71.485901,19.3425436],[-71.4860099,19.3419935],[-71.485914,19.3415728],[-71.4857679,19.3406896],[-71.4858934,19.3402091],[-71.4861319,19.3394881],[-71.486023,19.3386858],[-71.4853929,19.3383535],[-71.4852354,19.3379759],[-71.485187,19.3378596],[-71.485696,19.3374599],[-71.4860029,19.337415],[-71.486786,19.3373005],[-71.4871343,19.3373418],[-71.487657,19.3374038],[-71.4881409,19.3370946],[-71.4879841,19.3362592],[-71.4880073,19.3361519],[-71.4880442,19.335981],[-71.488142,19.3355278],[-71.4883712,19.3353737],[-71.4889773,19.334966],[-71.489146,19.3348526],[-71.4893522,19.3348669],[-71.490309,19.3349337],[-71.4913501,19.3346125],[-71.4923791,19.3345442],[-71.4935052,19.3347523],[-71.4941702,19.3346619],[-71.4944132,19.3340423],[-71.4955767,19.3335133],[-71.4956677,19.333472],[-71.4964354,19.3332457],[-71.496688,19.3331713],[-71.4976489,19.3329278],[-71.4980177,19.3326971],[-71.498161,19.3326075],[-71.4984738,19.3324119],[-71.4985682,19.3323531],[-71.498656,19.3323271],[-71.4996141,19.3320432],[-71.5004199,19.3315171],[-71.5007095,19.3315154],[-71.5008842,19.3316098],[-71.5011945,19.3317774],[-71.5018776,19.3319009],[-71.502983,19.3321006],[-71.5047355,19.3320987],[-71.5047577,19.3320926],[-71.5051735,19.3316354],[-71.5058004,19.3311451],[-71.5064979,19.3311355],[-71.5070071,19.3312489],[-71.5081477,19.331173],[-71.5091514,19.3304366],[-71.5096476,19.3297072],[-71.5104564,19.3286725],[-71.5126052,19.3281611],[-71.5158872,19.3270922],[-71.5183271,19.3232524],[-71.5194152,19.3215629],[-71.5196747,19.3203256]]]}},{"type":"Feature","properties":{"place_id":305081286,"osm_type":"relation","osm_id":7391002,"place_rank":12,"category":"boundary","type":"administrative","importance":0.40580843572923003,"addresstype":"town","name":"Monción","display_name":"Monción, Santiago Rodríguez, 62902, República Dominicana","address":{"town":"Monción","state":"Santiago Rodríguez","ISO3166-2-lvl4":"DO-26","postcode":"62902","country":"República Dominicana","country_code":"do"}},"bbox":[-71.2724805,19.3059464,-71.0720076,19.4788347],"geometry":{"type":"Polygon","coordinates":[[[-71.2724805,19.3210726],[-71.272477,19.3206707],[-71.2724483,19.3202737],[-71.2723879,19.3198838],[-71.2722943,19.3194966],[-71.2721741,19.319112],[-71.272034,19.3187322],[-71.271881,19.3183548],[-71.2717222,19.3179774],[-71.2715645,19.3176023],[-71.2714133,19.3172248],[-71.2712526,19.3168543],[-71.2710819,19.3164861],[-71.2709091,19.3161179],[-71.2707423,19.3157475],[-71.2705894,19.3153745],[-71.2704649,19.3149922],[-71.2704147,19.3145842],[-71.2703812,19.3141714],[-71.270285,19.3137865],[-71.2700751,19.3134527],[-71.2698195,19.3131352],[-71.2695367,19.3128271],[-71.2692374,19.3125283],[-71.268932,19.3122318],[-71.2686309,19.3119352],[-71.2683446,19.311634],[-71.2680838,19.3113233],[-71.2678588,19.311001],[-71.2677192,19.3106482],[-71.2677691,19.3102209],[-71.2678752,19.3097792],[-71.2678813,19.3093908],[-71.2676039,19.3090465],[-71.2672662,19.3088317],[-71.266871,19.3086469],[-71.2664517,19.3084783],[-71.2660421,19.3083005],[-71.2654532,19.3080195],[-71.2651644,19.3081229],[-71.2648329,19.3086103],[-71.2646832,19.3091618],[-71.2643863,19.3095261],[-71.2635733,19.3095762],[-71.2631727,19.3093728],[-71.2627192,19.3084189],[-71.2624001,19.3077102],[-71.2618017,19.3068574],[-71.2609474,19.3062957],[-71.2599827,19.306033],[-71.2594067,19.3059464],[-71.2589103,19.3063052],[-71.2585661,19.3067904],[-71.2581849,19.3075865],[-71.2581564,19.3083853],[-71.2581091,19.3091531],[-71.2574963,19.3096283],[-71.2574228,19.3109626],[-71.2574663,19.3119525],[-71.2562748,19.3121051],[-71.2561753,19.3121488],[-71.25554,19.3128975],[-71.2551984,19.3137978],[-71.2547888,19.3145024],[-71.2547494,19.3156873],[-71.254761,19.3165376],[-71.2543218,19.3166267],[-71.2540564,19.3165463],[-71.2535244,19.316302],[-71.2530783,19.3158892],[-71.2524594,19.3157296],[-71.2517559,19.3158219],[-71.2511427,19.3160804],[-71.2507069,19.3164204],[-71.2501405,19.3169462],[-71.2495832,19.3171834],[-71.2491701,19.3168294],[-71.248771,19.3165182],[-71.248178,19.3166317],[-71.2477423,19.3168832],[-71.2470967,19.3172664],[-71.2470934,19.3172663],[-71.2469535,19.3174811],[-71.2466356,19.3179468],[-71.2464341,19.318455],[-71.2466037,19.3190026],[-71.2467712,19.3193963],[-71.2471219,19.3196339],[-71.2475171,19.319739],[-71.2479805,19.3197552],[-71.2484686,19.3198812],[-71.2488882,19.3200739],[-71.2491688,19.3202683],[-71.2492431,19.3206192],[-71.2492262,19.3210812],[-71.2491859,19.3215214],[-71.2492367,19.3218506],[-71.2494016,19.3220465],[-71.2495685,19.3223962],[-71.2498055,19.3227891],[-71.2500443,19.3233139],[-71.2503142,19.3237073],[-71.2503978,19.3241453],[-71.250452,19.3242511],[-71.2506404,19.3245177],[-71.2509953,19.3246139],[-71.2515239,19.3246074],[-71.2518762,19.324603],[-71.2523189,19.3247648],[-71.2525866,19.3250125],[-71.2527674,19.3253448],[-71.2529505,19.3258444],[-71.2530477,19.3265123],[-71.2530333,19.3266177],[-71.2529677,19.3270988],[-71.2528018,19.3278537],[-71.2526337,19.3284412],[-71.2521132,19.3290332],[-71.2514119,19.3292928],[-71.2504022,19.3292621],[-71.2498137,19.3291103],[-71.2487509,19.3287052],[-71.2482144,19.3281263],[-71.2475028,19.3276332],[-71.2468015,19.3278928],[-71.2461025,19.3283196],[-71.2456678,19.3287432],[-71.2453257,19.3295002],[-71.2447239,19.330595],[-71.2437962,19.3312531],[-71.243764,19.3312759],[-71.2428053,19.3320405],[-71.2421989,19.3328008],[-71.2424689,19.3332157],[-71.2431851,19.3340433],[-71.2439837,19.3344517],[-71.2441546,19.3346324],[-71.2446095,19.3351131],[-71.2449524,19.3353153],[-71.2450051,19.3357569],[-71.2449071,19.3359493],[-71.2445083,19.336241],[-71.2437538,19.3362981],[-71.2429504,19.3364514],[-71.2422972,19.336555],[-71.2418442,19.3365606],[-71.2414382,19.3363266],[-71.2409283,19.3358549],[-71.2404518,19.3354033],[-71.2403143,19.3352729],[-71.2396611,19.3352669],[-71.2393645,19.3356351],[-71.239069,19.3361167],[-71.2386715,19.336504],[-71.2386276,19.3369825],[-71.2385838,19.337461],[-71.238693,19.338081],[-71.2388935,19.3417111],[-71.2388988,19.3420964],[-71.2389046,19.3425235],[-71.2389131,19.3431448],[-71.2387679,19.3435767],[-71.2381154,19.3437281],[-71.2374087,19.3435934],[-71.2368478,19.3430745],[-71.2365882,19.3425042],[-71.2365301,19.3419313],[-71.2364654,19.3408806],[-71.2363053,19.3402134],[-71.2361458,19.339594],[-71.2360831,19.3386866],[-71.2362276,19.3382069],[-71.2361184,19.3375869],[-71.2357086,19.3370662],[-71.2354065,19.3370699],[-71.2350077,19.3373615],[-71.2343598,19.3378474],[-71.2338073,19.3379498],[-71.2330334,19.3378435],[-71.2328489,19.3378182],[-71.2316917,19.3378801],[-71.2310883,19.3379353],[-71.2308392,19.3381296],[-71.2308444,19.3385119],[-71.2311497,19.3387471],[-71.2311732,19.3388011],[-71.2314615,19.3394603],[-71.2320746,19.3401219],[-71.2324322,19.3404999],[-71.2324355,19.3407388],[-71.2322374,19.3409802],[-71.2317888,19.3413203],[-71.2311854,19.3413755],[-71.2305767,19.3410484],[-71.2299132,19.3403874],[-71.2292,19.3397747],[-71.228388,19.3393067],[-71.227529,19.3390782],[-71.2267242,19.3391359],[-71.226322,19.3391029],[-71.2256298,19.3392186],[-71.2248101,19.3394583],[-71.2243088,19.3396558],[-71.2242818,19.3397082],[-71.2238956,19.3398689],[-71.2234134,19.3401826],[-71.2230232,19.3404512],[-71.2226592,19.3409394],[-71.2224558,19.3413157],[-71.2222524,19.341692],[-71.2220975,19.3422216],[-71.2219662,19.3427949],[-71.2219725,19.3432566],[-71.2220729,19.343827],[-71.2221718,19.3442876],[-71.222385,19.3446368],[-71.2227844,19.3450497],[-71.2232037,19.3452205],[-71.2238552,19.3454324],[-71.2242979,19.3456249],[-71.224488,19.3459744],[-71.2244708,19.3464144],[-71.2243122,19.3466802],[-71.2241073,19.3469466],[-71.2241578,19.3472538],[-71.2243693,19.3474711],[-71.224905,19.3476844],[-71.225277,19.3477898],[-71.2256738,19.3480048],[-71.2258398,19.3482887],[-71.2257988,19.348685],[-71.2256857,19.3488842],[-71.225391,19.3490784],[-71.2248391,19.3493783],[-71.2245972,19.3497624],[-71.2246658,19.35026],[-71.2249809,19.3507252],[-71.2254509,19.3512179],[-71.2258275,19.351653],[-71.2261098,19.3519721],[-71.2263941,19.3524377],[-71.2265075,19.3526897],[-71.2266171,19.3529334],[-71.2266235,19.3534024],[-71.2264433,19.3537857],[-71.2262311,19.3540815],[-71.2258954,19.3543788],[-71.2255284,19.3546471],[-71.2251621,19.3549741],[-71.2250221,19.3550986],[-71.2244602,19.3555983],[-71.223972,19.3560441],[-71.2237606,19.3563985],[-71.2238893,19.356778],[-71.2243264,19.3571245],[-71.2248823,19.3571177],[-71.2254691,19.3571105],[-71.2259969,19.3573093],[-71.2267433,19.3576813],[-71.227211,19.3579981],[-71.2275555,19.3583457],[-71.2280869,19.3588083],[-71.2284326,19.3592438],[-71.2286544,19.3596515],[-71.2286607,19.3601205],[-71.2286582,19.3601543],[-71.2286458,19.3603223],[-71.2286085,19.3608248],[-71.228369,19.3613848],[-71.2279719,19.3617121],[-71.2269892,19.3621346],[-71.2261877,19.3622617],[-71.2257245,19.3622673],[-71.2250109,19.3620415],[-71.2243267,19.3616981],[-71.2237981,19.3614407],[-71.2228687,19.3612468],[-71.2224677,19.3613127],[-71.2220982,19.3613735],[-71.2214825,19.3615276],[-71.2212422,19.3620289],[-71.2212485,19.3624979],[-71.221378,19.3629361],[-71.2216334,19.3635487],[-71.2218873,19.364044],[-71.222233,19.3644795],[-71.2225795,19.3649737],[-71.2230487,19.3654077],[-71.2234201,19.3656905],[-71.2235793,19.3658117],[-71.2242335,19.3662141],[-71.224363,19.3666523],[-71.2243076,19.3671221],[-71.2240942,19.3673299],[-71.2233866,19.3675438],[-71.2226445,19.3674942],[-71.2219338,19.3674736],[-71.2214079,19.3674214],[-71.2212873,19.3674229],[-71.2207593,19.3674293],[-71.2202667,19.3675526],[-71.220085,19.3678187],[-71.2200925,19.3683756],[-71.2200989,19.3688446],[-71.2201103,19.368892],[-71.2201971,19.3692539],[-71.2203567,19.369633],[-71.2204242,19.3700972],[-71.2204248,19.3701013],[-71.220369,19.3705418],[-71.2200015,19.3707808],[-71.2197857,19.3708127],[-71.2194452,19.3707582],[-71.2190124,19.3707342],[-71.2189604,19.3707414],[-71.2185499,19.3707985],[-71.21818,19.3708616],[-71.2178747,19.3711292],[-71.2177536,19.3713066],[-71.217573,19.3716606],[-71.2176086,19.372012],[-71.2176756,19.3721451],[-71.2177991,19.3723908],[-71.2179567,19.3726234],[-71.2181448,19.3728264],[-71.2183642,19.3730582],[-71.218523,19.3733788],[-71.2184977,19.3737895],[-71.2182851,19.374056],[-71.2177917,19.3741207],[-71.2172967,19.3740681],[-71.2169236,19.3738967],[-71.2165819,19.3737543],[-71.2162394,19.3735532],[-71.2159322,19.3733029],[-71.215636,19.3727201],[-71.2151787,19.372413],[-71.2145578,19.372186],[-71.2136502,19.3720798],[-71.2136076,19.3720884],[-71.2130341,19.3722045],[-71.2129987,19.3726349],[-71.2129724,19.3728423],[-71.2129242,19.3732222],[-71.2128894,19.3736917],[-71.2128139,19.3742008],[-71.2124084,19.3746748],[-71.2119179,19.3749544],[-71.210393,19.3748948],[-71.2094865,19.3748667],[-71.2089479,19.3746387],[-71.2089462,19.3745082],[-71.208939,19.3739743],[-71.2087288,19.3736641],[-71.2080294,19.3735732],[-71.207678,19.374052],[-71.2074792,19.3743228],[-71.2074695,19.3749268],[-71.2074653,19.3751866],[-71.2074604,19.3754904],[-71.2077733,19.3761775],[-71.2081422,19.3763402],[-71.2091743,19.3766279],[-71.2093285,19.3771025],[-71.2078612,19.3773574],[-71.2077379,19.3773913],[-71.2068813,19.3776267],[-71.2060194,19.3781136],[-71.2051627,19.3792104],[-71.2045984,19.3799327],[-71.2045975,19.3799336],[-71.2039102,19.3805101],[-71.2036143,19.3804493],[-71.203525,19.380431],[-71.2032043,19.3803651],[-71.2026704,19.3795271],[-71.2021364,19.3790526],[-71.2017222,19.3790328],[-71.2013082,19.3790129],[-71.2004613,19.3797593],[-71.1997012,19.3805407],[-71.1992913,19.3804012],[-71.1982933,19.3799707],[-71.1974133,19.3801349],[-71.1962994,19.3810131],[-71.1954574,19.3814794],[-71.1940064,19.3808895],[-71.1932662,19.380142],[-71.1925072,19.3794376],[-71.1919273,19.378905],[-71.1909452,19.3787542],[-71.1907621,19.3800277],[-71.1901661,19.3803374],[-71.1888273,19.3802452],[-71.1881231,19.3801408],[-71.1876542,19.3804648],[-71.1876552,19.381228],[-71.1872431,19.3821926],[-71.1868312,19.3827756],[-71.186312,19.3833238],[-71.1854621,19.3832685],[-71.1848231,19.3829966],[-71.1847036,19.3829457],[-71.183944,19.3826206],[-71.1830762,19.382604],[-71.1824623,19.3833587],[-71.1824139,19.383464],[-71.1819521,19.3844691],[-71.1812942,19.3855653],[-71.180477,19.3864693],[-71.179079,19.3873669],[-71.1787172,19.3875991],[-71.178347,19.3878566],[-71.1777957,19.3882401],[-71.1771271,19.387932],[-71.1765898,19.3874981],[-71.175795,19.3876973],[-71.1751259,19.387326],[-71.1740596,19.3870858],[-71.174053,19.3865824],[-71.1750807,19.3858064],[-71.1751499,19.3857541],[-71.1752324,19.3855388],[-71.1754917,19.3848626],[-71.1754153,19.3841071],[-71.1753295,19.3840223],[-71.17454,19.3832346],[-71.1741961,19.3823558],[-71.1743173,19.3814715],[-71.1743031,19.3804014],[-71.1738255,19.3794609],[-71.1736739,19.379141],[-71.173439,19.379033],[-71.1732927,19.3788872],[-71.1731827,19.3787776],[-71.1731024,19.3785939],[-71.1730791,19.3782988],[-71.1730742,19.3779296],[-71.173026,19.3772286],[-71.1730194,19.3767302],[-71.1730132,19.3762687],[-71.1729483,19.375771],[-71.1727306,19.3754967],[-71.1723766,19.3752055],[-71.1719453,19.3749522],[-71.1712999,19.3747014],[-71.1704983,19.3743971],[-71.169463,19.3740772],[-71.1688381,19.3739],[-71.1685589,19.3737464],[-71.1683277,19.3735884],[-71.1681074,19.3734379],[-71.1678134,19.3732752],[-71.1676802,19.373166],[-71.1674668,19.3729909],[-71.1671048,19.3728031],[-71.1667497,19.372658],[-71.1664449,19.3725682],[-71.1661486,19.3725094],[-71.165853,19.3724974],[-71.165547,19.3724491],[-71.1652314,19.3725522],[-71.1650831,19.3734639],[-71.1649851,19.3735848],[-71.1647638,19.3736506],[-71.1636843,19.3735853],[-71.163641,19.3735827],[-71.1634033,19.3733552],[-71.1630248,19.3725717],[-71.1629806,19.372434],[-71.1627221,19.3716291],[-71.1624545,19.3712755],[-71.1623015,19.3711532],[-71.1620701,19.3709685],[-71.1618524,19.3709485],[-71.1615354,19.3709523],[-71.161112,19.3711854],[-71.1605203,19.3717185],[-71.1604898,19.3717482],[-71.1601121,19.3721095],[-71.1596902,19.3722793],[-71.1593072,19.3722658],[-71.1591304,19.372094],[-71.1588471,19.3722871],[-71.158822,19.3725922],[-71.1588661,19.3726888],[-71.1589029,19.3732235],[-71.158685,19.3741339],[-71.1586041,19.3742297],[-71.1582801,19.3743983],[-71.1578374,19.3744375],[-71.1573897,19.3740408],[-71.1573514,19.3739826],[-71.1572203,19.3736251],[-71.1569427,19.3732806],[-71.1568112,19.3731829],[-71.1564014,19.3731426],[-71.1562731,19.3731983],[-71.1561369,19.3734708],[-71.155831,19.3736845],[-71.1554876,19.3738082],[-71.1538746,19.3738431],[-71.1528749,19.3737511],[-71.1516462,19.3737453],[-71.1513574,19.3739452],[-71.1512715,19.3741991],[-71.1514385,19.3748],[-71.1519343,19.375528],[-71.1523341,19.3762301],[-71.1524171,19.3767101],[-71.1524934,19.3771518],[-71.1524686,19.3772785],[-71.1521352,19.3776437],[-71.1519324,19.3777699],[-71.1517498,19.3779739],[-71.1515034,19.3780852],[-71.1513548,19.3781425],[-71.1511596,19.3782506],[-71.1509599,19.3783109],[-71.1507138,19.3784222],[-71.1504677,19.3785334],[-71.1501707,19.3786476],[-71.1497676,19.3787203],[-71.1495684,19.3787804],[-71.1493693,19.3788406],[-71.1491194,19.3789038],[-71.1489289,19.3790596],[-71.1487891,19.3792123],[-71.1487043,19.3794099],[-71.1486199,19.3796079],[-71.1485399,19.3798087],[-71.148559,19.3800479],[-71.1485764,19.3802862],[-71.1486414,19.380474],[-71.1486589,19.3807124],[-71.1486796,19.3809983],[-71.1487444,19.3811861],[-71.1487535,19.381328],[-71.1488168,19.3815144],[-71.1489329,19.3817442],[-71.148995,19.3819295],[-71.1491081,19.3821119],[-71.1492211,19.3822942],[-71.149385,19.3824736],[-71.149447,19.3826585],[-71.1496107,19.3828377],[-71.1497262,19.3830664],[-71.1498416,19.383295],[-71.1499033,19.3834793],[-71.1500158,19.3836608],[-71.1500801,19.3838476],[-71.1501979,19.3840346],[-71.1502644,19.3842238],[-71.1503824,19.3844111],[-71.1503974,19.3846026],[-71.1504162,19.3848421],[-71.150435,19.3850816],[-71.150463,19.3853322],[-71.1504372,19.3855392],[-71.1504008,19.3857337],[-71.150312,19.3859292],[-71.1502146,19.3860679],[-71.1501726,19.3861277],[-71.1499762,19.3862345],[-71.1497323,19.3863916],[-71.1494854,19.3865014],[-71.1491847,19.3865669],[-71.1489818,19.3865785],[-71.1486741,19.3865897],[-71.1484181,19.386599],[-71.1481606,19.3865638],[-71.1478503,19.3864861],[-71.1475422,19.3864529],[-71.1472833,19.3863739],[-71.1471285,19.3863354],[-71.1469206,19.3862546],[-71.1467635,19.3861717],[-71.1466429,19.3860997],[-71.1465531,19.3860462],[-71.1465414,19.3860406],[-71.1465398,19.3860399],[-71.1462917,19.3859226],[-71.1456312,19.3858562],[-71.1452618,19.3858851],[-71.1449897,19.3858602],[-71.1447322,19.3857812],[-71.1445265,19.3857472],[-71.1443816,19.3856081],[-71.1441314,19.385477],[-71.1439739,19.3854894],[-71.1438088,19.3856028],[-71.1435881,19.3857704],[-71.1433767,19.3859339],[-71.1432289,19.3860885],[-71.1429866,19.38615],[-71.1427442,19.3862115],[-71.1425541,19.3862689],[-71.142323,19.3862769],[-71.142093,19.386382],[-71.1419084,19.3865347],[-71.1417699,19.386637],[-71.1417309,19.3868311],[-71.141794,19.387018],[-71.141857,19.3872049],[-71.1419659,19.38739],[-71.1421206,19.3875733],[-71.1423721,19.3877024],[-71.1425272,19.3877881],[-71.1426786,19.3878749],[-71.1428866,19.3880048],[-71.1431384,19.3880849],[-71.1433085,19.3882629],[-71.1434787,19.388441],[-71.1435949,19.3885752],[-71.1437696,19.3887527],[-71.1440208,19.3888327],[-71.1442717,19.3889127],[-71.1444803,19.3890423],[-71.1447002,19.3892657],[-71.1448188,19.3894479],[-71.1449374,19.3896301],[-71.1450083,19.3898154],[-71.1450792,19.3900008],[-71.145198,19.3901834],[-71.145269,19.390369],[-71.1452923,19.3905579],[-71.145326,19.3908416],[-71.145346,19.3910789],[-71.1453621,19.3912688],[-71.1453781,19.3914587],[-71.1453942,19.3916487],[-71.1454652,19.3918991],[-71.1454757,19.3920256],[-71.1455293,19.3922126],[-71.1455336,19.39245],[-71.145538,19.3926871],[-71.1455414,19.3928766],[-71.1454449,19.3930723],[-71.1452985,19.393271],[-71.1451005,19.3933784],[-71.1448506,19.3933947],[-71.144703,19.3935459],[-71.1447033,19.3937811],[-71.1448046,19.3939626],[-71.1448552,19.394147],[-71.1447546,19.3943873],[-71.1445532,19.3944935],[-71.1443013,19.3945093],[-71.1440492,19.3944318],[-71.1438974,19.394301],[-71.1436948,19.3941265],[-71.1434928,19.3940923],[-71.1432901,19.3939644],[-71.1430368,19.3938396],[-71.1428846,19.3937552],[-71.1427318,19.3936238],[-71.1424783,19.3935457],[-71.142324,19.3934139],[-71.1421182,19.3933323],[-71.1419121,19.3931564],[-71.1416547,19.3930779],[-71.1414998,19.3929457],[-71.1413448,19.3928135],[-71.1410358,19.3927381],[-71.1407781,19.3926595],[-71.1404238,19.3926348],[-71.1400199,19.3926606],[-71.139768,19.3927714],[-71.1395225,19.3929294],[-71.1394299,19.3931249],[-71.1391935,19.3933305],[-71.1390024,19.3933914],[-71.138763,19.3934558],[-71.1386216,19.3936076],[-71.1384812,19.3938064],[-71.138388,19.3939545],[-71.1381481,19.3940193],[-71.1380022,19.393983],[-71.1378066,19.393903],[-71.1376129,19.3939173],[-71.1373716,19.3939823],[-71.1373281,19.3941745],[-71.1373844,19.3943597],[-71.1375397,19.3944911],[-71.1377876,19.3945675],[-71.137987,19.3946474],[-71.1380455,19.3947859],[-71.1380114,19.3949792],[-71.1379773,19.3951726],[-71.1380873,19.3953545],[-71.1382389,19.3954378],[-71.1385262,19.3953681],[-71.1387158,19.3953058],[-71.1390072,19.395284],[-71.1391676,19.395416],[-71.1391875,19.3956067],[-71.139256,19.3957939],[-71.1394116,19.3958783],[-71.1395954,19.395768],[-71.1398858,19.3957458],[-71.1401338,19.3957291],[-71.140338,19.3957636],[-71.1404587,19.3959479],[-71.1404809,19.3961855],[-71.1403882,19.3963327],[-71.1402359,19.396526],[-71.1400371,19.3966312],[-71.1398421,19.3966459],[-71.139587,19.3966601],[-71.1394321,19.3967137],[-71.1392253,19.3968154],[-71.1389696,19.3968289],[-71.1387151,19.3967972],[-71.1386161,19.3966669],[-71.1384672,19.3964939],[-71.1383672,19.3964087],[-71.1381648,19.396329],[-71.1379105,19.3962976],[-71.1376569,19.3962206],[-71.1373525,19.3961466],[-71.1371516,19.3961592],[-71.1368994,19.3962202],[-71.136798,19.3962717],[-71.1365955,19.3963746],[-71.1363915,19.3964763],[-71.1362897,19.3963],[-71.1362898,19.3961177],[-71.1360793,19.3959889],[-71.1359626,19.3958054],[-71.1360079,19.3956171],[-71.1361614,19.395425],[-71.1363156,19.395232],[-71.1364726,19.3950853],[-71.1365145,19.3948938],[-71.1365049,19.3946582],[-71.1363357,19.3944767],[-71.1361136,19.3943912],[-71.1358505,19.3944045],[-71.1355961,19.3944662],[-71.1355503,19.394656],[-71.1355567,19.394889],[-71.1355619,19.3950749],[-71.1354654,19.3952662],[-71.1352622,19.3952777],[-71.1351043,19.3951011],[-71.1350478,19.3949183],[-71.1349898,19.3946886],[-71.1348836,19.3945547],[-71.1347264,19.3944236],[-71.1347218,19.3942834],[-71.1345682,19.394153],[-71.1343707,19.3941669],[-71.1341246,19.394231],[-71.1339258,19.3942909],[-71.133723,19.394257],[-71.1336624,19.3940252],[-71.1335074,19.3939407],[-71.1332559,19.393957],[-71.1330088,19.3940674],[-71.1327619,19.3941778],[-71.1327208,19.3943689],[-71.1326295,19.394563],[-71.1324335,19.3946696],[-71.1322807,19.3946326],[-71.1323214,19.3944419],[-71.1323119,19.3942541],[-71.1322018,19.3940724],[-71.1319957,19.3939913],[-71.1318446,19.394001],[-71.1315969,19.394111],[-71.1316092,19.3943458],[-71.1316214,19.39458],[-71.1312692,19.3946021],[-71.1310682,19.3946149],[-71.1310528,19.3943339],[-71.1309921,19.3941494],[-71.1308331,19.3940179],[-71.130581,19.394034],[-71.1303794,19.3940468],[-71.1302394,19.3942444],[-71.1301499,19.3944383],[-71.129946,19.3944043],[-71.1298813,19.3941729],[-71.1297719,19.3940382],[-71.1295615,19.3939098],[-71.1294103,19.3939195],[-71.1292117,19.3939794],[-71.1290164,19.3940863],[-71.1288181,19.3941462],[-71.1285164,19.394166],[-71.1282079,19.3940917],[-71.1280031,19.3940578],[-71.1277947,19.3939748],[-71.1275865,19.3938919],[-71.1273817,19.3938578],[-71.1271299,19.3938745],[-71.1269357,19.3939817],[-71.126846,19.394129],[-71.1267063,19.3942794],[-71.1263579,19.3943496],[-71.1263076,19.3943529],[-71.1261141,19.3944597],[-71.1258745,19.3946165],[-71.125669,19.3945836],[-71.1254591,19.3945037],[-71.1253748,19.3946973],[-71.1252824,19.3947973],[-71.1250727,19.3947174],[-71.1248712,19.3947308],[-71.1246826,19.3948842],[-71.1244899,19.3949908],[-71.1243572,19.3951862],[-71.1242199,19.3953352],[-71.124005,19.3952098],[-71.1238903,19.3950774],[-71.1236745,19.3949513],[-71.1234223,19.394968],[-71.1232195,19.3949821],[-71.1230213,19.3950427],[-71.1228184,19.3950566],[-71.1225644,19.3950741],[-71.1223102,19.3950916],[-71.1220558,19.3951091],[-71.1217502,19.3951301],[-71.1216483,19.3951371],[-71.1213942,19.3952033],[-71.1213025,19.3953532],[-71.1211582,19.3955073],[-71.1211755,19.395696],[-71.1212451,19.3958802],[-71.1213146,19.3960641],[-71.1213318,19.3962521],[-71.1211926,19.3964529],[-71.1209955,19.3965625],[-71.1207422,19.3966292],[-71.120647,19.3967316],[-71.120661,19.3969218],[-71.1206784,19.3971595],[-71.1207938,19.3973427],[-71.1209616,19.3976216],[-71.1210694,19.3977102],[-71.1211335,19.3978975],[-71.1212042,19.3980789],[-71.1212188,19.3982683],[-71.1212333,19.3984577],[-71.1212516,19.3986943],[-71.1212661,19.3988836],[-71.1212247,19.3990819],[-71.1212393,19.3992712],[-71.1211526,19.3994675],[-71.1210218,19.39966],[-71.1208381,19.3998586],[-71.1207537,19.4000009],[-71.1205629,19.4001561],[-71.1203569,19.4002253],[-71.1201428,19.4002517],[-71.1198757,19.4002831],[-71.1196297,19.400344],[-71.1194789,19.400353],[-71.1193443,19.4004992],[-71.1191033,19.4006572],[-71.1188442,19.4006799],[-71.1186367,19.400698],[-71.1186653,19.4009254],[-71.1187399,19.4012043],[-71.1189088,19.4014321],[-71.1189568,19.4015851],[-71.1191736,19.4017615],[-71.1194368,19.4017331],[-71.1196963,19.4017084],[-71.1199568,19.4017336],[-71.1201142,19.4018196],[-71.1203707,19.4019012],[-71.1204668,19.4021097],[-71.1205634,19.4023194],[-71.1205071,19.4025943],[-71.120522,19.4028373],[-71.1204304,19.4030412],[-71.1203939,19.4031458],[-71.1203424,19.4032931],[-71.1202077,19.4035419],[-71.1200819,19.4037243],[-71.1200129,19.4039471],[-71.1199776,19.4040862],[-71.1199027,19.4043175],[-71.1197752,19.404502],[-71.1196919,19.4046401],[-71.119565,19.4048237],[-71.119491,19.4050531],[-71.1194126,19.405236],[-71.1185601,19.4062553],[-71.1181213,19.4070169],[-71.1176317,19.4076842],[-71.1167462,19.4085933],[-71.1148162,19.4096568],[-71.1136799,19.4104265],[-71.1122009,19.4116743],[-71.111265,19.4125343],[-71.1106227,19.4129685],[-71.1087413,19.4139365],[-71.1075995,19.4142795],[-71.1062514,19.4141077],[-71.1058244,19.4141239],[-71.1044581,19.4141759],[-71.1034667,19.4146119],[-71.1031309,19.4150139],[-71.1028286,19.4153758],[-71.1017349,19.4155781],[-71.100985,19.4153971],[-71.1003826,19.4150744],[-71.0996368,19.415223],[-71.0978435,19.4152912],[-71.0970012,19.4156803],[-71.0963539,19.4157352],[-71.0955519,19.4153651],[-71.095545,19.4153626],[-71.0944,19.4149538],[-71.0927021,19.4146889],[-71.0913073,19.4147524],[-71.0898641,19.4149112],[-71.0887701,19.4151135],[-71.0866838,19.4156569],[-71.0849467,19.4162436],[-71.0839081,19.416872],[-71.0825265,19.417974],[-71.0822004,19.4182803],[-71.0810489,19.4193617],[-71.0797209,19.4207498],[-71.0782893,19.4218524],[-71.0775974,19.4222138],[-71.0767714,19.4223354],[-71.0759426,19.4222327],[-71.0755506,19.4221065],[-71.0749336,19.4219078],[-71.074047,19.4219179],[-71.0732427,19.4219271],[-71.0730423,19.4219294],[-71.0723986,19.4224415],[-71.0720525,19.4231184],[-71.0720523,19.4231242],[-71.0720442,19.4233245],[-71.0720076,19.4242405],[-71.072393,19.42502],[-71.0726143,19.4254674],[-71.0728012,19.4255006],[-71.073503,19.4256255],[-71.0745661,19.4255572],[-71.0759846,19.425541],[-71.0767814,19.4253535],[-71.0769865,19.4253052],[-71.0781664,19.4251235],[-71.0787629,19.4248955],[-71.0792253,19.4247188],[-71.0797989,19.4247122],[-71.0798403,19.4247117],[-71.0805255,19.4247039],[-71.0819454,19.4247998],[-71.0836694,19.4255651],[-71.0853963,19.4265547],[-71.0867628,19.4270998],[-71.087278,19.4270939],[-71.088004,19.4270856],[-71.0891896,19.4273523],[-71.0900884,19.4282953],[-71.0901647,19.4296404],[-71.0897171,19.4305162],[-71.0896457,19.4306558],[-71.0887713,19.4316193],[-71.0881853,19.4320186],[-71.0878299,19.4319666],[-71.0867639,19.4318106],[-71.0863559,19.4322639],[-71.0856538,19.4328328],[-71.0850136,19.4336253],[-71.0841955,19.4343637],[-71.0841511,19.4346864],[-71.0840959,19.4350873],[-71.0840873,19.4351501],[-71.0842067,19.4352974],[-71.0846278,19.4358169],[-71.0851727,19.4368201],[-71.085835,19.4377658],[-71.0857635,19.4385108],[-71.0856952,19.4401081],[-71.0857691,19.4402883],[-71.0861435,19.4412022],[-71.0864029,19.4418353],[-71.086408,19.4418477],[-71.0867929,19.4427872],[-71.0880561,19.4445362],[-71.0888753,19.4462091],[-71.0899677,19.448466],[-71.0904257,19.4496372],[-71.0909736,19.4508931],[-71.0920445,19.4514702],[-71.0936298,19.4506931],[-71.0944131,19.4495911],[-71.0948424,19.4484933],[-71.0958052,19.4475586],[-71.0967885,19.4482201],[-71.0970718,19.4495604],[-71.0973958,19.4505548],[-71.0972454,19.4511956],[-71.0967964,19.4522621],[-71.0958457,19.4545538],[-71.0942277,19.4556797],[-71.0940011,19.4558374],[-71.0922438,19.4570342],[-71.0895182,19.4587479],[-71.087144,19.4602024],[-71.0869716,19.4603601],[-71.0856544,19.4615654],[-71.0835781,19.4621651],[-71.0829813,19.4624113],[-71.0819613,19.4627234],[-71.0809164,19.462977],[-71.0803725,19.4631052],[-71.079975,19.4631973],[-71.0798293,19.4632311],[-71.0787273,19.463587],[-71.0782341,19.4642543],[-71.0786183,19.4654422],[-71.0802264,19.466948],[-71.0808254,19.4682034],[-71.0818362,19.4696392],[-71.0826854,19.4704401],[-71.0842132,19.4712671],[-71.084561,19.4714334],[-71.0855834,19.471922],[-71.0867743,19.4702887],[-71.0887124,19.4694783],[-71.0902974,19.46848],[-71.0921096,19.4676281],[-71.0941145,19.4673994],[-71.0965824,19.4672038],[-71.0983979,19.4669958],[-71.0994735,19.466879],[-71.1021048,19.4668641],[-71.1041986,19.4664544],[-71.1060756,19.4663219],[-71.1080235,19.4666312],[-71.1099015,19.46644],[-71.1118055,19.4653131],[-71.1141896,19.4643329],[-71.1163495,19.463833],[-71.1180115,19.4638298],[-71.1202548,19.4641062],[-71.1213893,19.4645287],[-71.1222126,19.4648352],[-71.1233327,19.4661385],[-71.1240687,19.4672194],[-71.1243837,19.4676821],[-71.1248083,19.4685439],[-71.1250132,19.4689597],[-71.1255961,19.4703646],[-71.1257759,19.4708481],[-71.1261994,19.4724352],[-71.1266545,19.4731485],[-71.1268887,19.4735156],[-71.1280977,19.4748214],[-71.1307048,19.4756443],[-71.1330967,19.4763011],[-71.1349529,19.4758314],[-71.1351878,19.4758171],[-71.1354139,19.4758034],[-71.1370137,19.4762189],[-71.1372706,19.4776038],[-71.1414135,19.4785114],[-71.1440073,19.4769647],[-71.1459315,19.4768146],[-71.1489291,19.4773519],[-71.1559736,19.4788347],[-71.1611278,19.477121],[-71.1651283,19.477926],[-71.1690722,19.4756227],[-71.1697014,19.4756108],[-71.1692713,19.4778433],[-71.16965,19.4781817],[-71.1700797,19.4783637],[-71.1706397,19.4784221],[-71.1710348,19.478227],[-71.1712844,19.4780191],[-71.1718245,19.4774812],[-71.1724358,19.4769441],[-71.1754267,19.4748051],[-71.1774415,19.4747206],[-71.1794668,19.4746339],[-71.1801779,19.4747095],[-71.1809686,19.4747097],[-71.1810022,19.4747091],[-71.1821379,19.4746889],[-71.1823481,19.4742169],[-71.1823567,19.4741978],[-71.1824804,19.47392],[-71.1831347,19.4738644],[-71.1839415,19.4739024],[-71.1848975,19.4737953],[-71.1852968,19.4735037],[-71.1852903,19.4730258],[-71.1849338,19.4727433],[-71.1843292,19.4727506],[-71.1833732,19.4728577],[-71.1827699,19.4729606],[-71.1824172,19.4729649],[-71.1819082,19.4725886],[-71.1815995,19.4721143],[-71.1813897,19.4714955],[-71.1813814,19.4708742],[-71.1815255,19.4703467],[-71.1822206,19.4695736],[-71.1838213,19.468694],[-71.184871,19.4680599],[-71.186119,19.4671845],[-71.1864621,19.4664634],[-71.1866527,19.4656486],[-71.1865404,19.4647896],[-71.1865225,19.4634515],[-71.1868209,19.4631611],[-71.1874727,19.4629142],[-71.1880721,19.4625246],[-71.1881167,19.4620939],[-71.1879617,19.461809],[-71.1876582,19.4617171],[-71.1870032,19.461725],[-71.1858942,19.4616906],[-71.1854873,19.4614087],[-71.1852826,19.4611722],[-71.1852775,19.4607898],[-71.1856244,19.4603555],[-71.1864215,19.4596767],[-71.1869182,19.4591449],[-71.1869131,19.4587626],[-71.1865592,19.4586713],[-71.186172,19.4585389],[-71.1861542,19.4585328],[-71.1861478,19.4580549],[-71.1862453,19.4578147],[-71.1867912,19.4571868],[-71.1870386,19.4569661],[-71.1870537,19.4569526],[-71.1873887,19.4566538],[-71.1879926,19.4565987],[-71.188249,19.4569302],[-71.1890562,19.4572631],[-71.1889186,19.4569357],[-71.1886615,19.4566497],[-71.1884012,19.4563639],[-71.1881607,19.456071],[-71.187964,19.4557617],[-71.1878431,19.4554222],[-71.1878166,19.4550455],[-71.1878553,19.4546656],[-71.187935,19.4543102],[-71.1880552,19.4539565],[-71.1882071,19.4536114],[-71.1883786,19.4532795],[-71.1883797,19.4532774],[-71.1885673,19.4529545],[-71.188769,19.4526405],[-71.1889808,19.4523286],[-71.1891993,19.4520211],[-71.189421,19.4517181],[-71.1896422,19.4514151],[-71.1898664,19.4511121],[-71.1900974,19.4508135],[-71.1903387,19.4505238],[-71.1943224,19.451089],[-71.1986383,19.4508683],[-71.199471,19.4514603],[-71.199539,19.4514941],[-71.200143,19.4508454],[-71.2009796,19.4499455],[-71.2022639,19.4491248],[-71.2028806,19.4484817],[-71.2032205,19.4490836],[-71.2036286,19.4483519],[-71.2042566,19.4473538],[-71.2047396,19.4465234],[-71.204771,19.4465241],[-71.2047771,19.4465239],[-71.2062243,19.4464654],[-71.2062994,19.4464514],[-71.206342,19.4464333],[-71.2063866,19.4464051],[-71.2066012,19.4462481],[-71.2066474,19.4462177],[-71.2066703,19.4462071],[-71.2066982,19.4461974],[-71.2067155,19.4461934],[-71.2067274,19.4461912],[-71.2067489,19.4461887],[-71.2067832,19.4461894],[-71.2068366,19.4461986],[-71.206955,19.4462302],[-71.2090435,19.4464065],[-71.2092556,19.446422],[-71.2093619,19.4464298],[-71.2093897,19.4464293],[-71.209407,19.4464273],[-71.2095013,19.4464145],[-71.2095596,19.4464049],[-71.2096618,19.446388],[-71.2096924,19.4463851],[-71.2097997,19.4463789],[-71.2098306,19.4463788],[-71.2105246,19.446417],[-71.2104872,19.4460163],[-71.2106025,19.4454119],[-71.2106155,19.4450718],[-71.2106325,19.4443534],[-71.2107113,19.4439394],[-71.2106648,19.4435175],[-71.2105411,19.4432136],[-71.210679,19.4430076],[-71.2108178,19.4429368],[-71.2110399,19.4428032],[-71.2111628,19.4427293],[-71.211473,19.4424749],[-71.2117249,19.4422111],[-71.2117523,19.4421825],[-71.2119211,19.4419701],[-71.2120097,19.4418587],[-71.2122308,19.4415534],[-71.2123759,19.4413493],[-71.2124737,19.4412118],[-71.212585,19.4406742],[-71.212596,19.4403783],[-71.2124836,19.4400998],[-71.212337,19.4398835],[-71.2121109,19.4395588],[-71.2119204,19.4392225],[-71.2117868,19.4388673],[-71.2117221,19.4384865],[-71.2117016,19.4380939],[-71.2116981,19.437701],[-71.2116866,19.4373105],[-71.2116808,19.4369109],[-71.2117203,19.4365266],[-71.211844,19.4361706],[-71.2120643,19.4358518],[-71.2123366,19.4355527],[-71.2126113,19.4352535],[-71.2128709,19.4349546],[-71.2131389,19.4346623],[-71.2134083,19.4343699],[-71.2136709,19.4340732],[-71.213919,19.4337676],[-71.2141432,19.4334465],[-71.2143343,19.4331077],[-71.2145057,19.4327534],[-71.2146731,19.4323991],[-71.2147147,19.4322922],[-71.2133822,19.4320526],[-71.2124597,19.4318332],[-71.2120971,19.4317871],[-71.212067,19.4316922],[-71.2120769,19.4316142],[-71.2120874,19.4315314],[-71.2121191,19.4314763],[-71.212153,19.4314173],[-71.2121999,19.4313788],[-71.2122566,19.4313322],[-71.2125708,19.4311835],[-71.2127666,19.4311219],[-71.212944,19.4310953],[-71.2133346,19.4310917],[-71.2134313,19.4310747],[-71.213556,19.4310081],[-71.2136425,19.4309034],[-71.2136796,19.4307852],[-71.2136699,19.4306606],[-71.2133763,19.4299678],[-71.2133338,19.4297562],[-71.213341,19.4296405],[-71.2133677,19.4295313],[-71.2135758,19.4291255],[-71.2135926,19.4290212],[-71.2135564,19.4289214],[-71.2134831,19.4288533],[-71.2129593,19.4286694],[-71.2128529,19.4286133],[-71.212757,19.4285211],[-71.2126944,19.4284072],[-71.2126699,19.4282814],[-71.212662,19.4277291],[-71.2126314,19.4275681],[-71.2125609,19.4274129],[-71.2122439,19.4269176],[-71.2121963,19.426807],[-71.2121684,19.4266892],[-71.212177,19.4265649],[-71.2122126,19.4264529],[-71.2123752,19.4262041],[-71.2124508,19.4260518],[-71.2124596,19.4258972],[-71.2124084,19.4257469],[-71.2123185,19.425637],[-71.2117732,19.4251784],[-71.2116158,19.4250845],[-71.211335,19.4249659],[-71.2112472,19.4249113],[-71.2111556,19.424815],[-71.2110965,19.4246965],[-71.210901,19.4239275],[-71.2108914,19.4238229],[-71.2109038,19.4237283],[-71.2109521,19.423612],[-71.2110354,19.4235112],[-71.2114806,19.4232134],[-71.2115515,19.4231383],[-71.2115984,19.4230519],[-71.2116213,19.4229572],[-71.2116182,19.4228564],[-71.2115898,19.4227637],[-71.2115239,19.4226637],[-71.2114307,19.4225877],[-71.2107277,19.4222665],[-71.210542,19.4221302],[-71.210441,19.4220046],[-71.21004,19.4213362],[-71.2099619,19.4211505],[-71.2099395,19.4209398],[-71.2099791,19.4207371],[-71.2101498,19.4203564],[-71.2103682,19.4200855],[-71.2105125,19.4198194],[-71.2105782,19.4196258],[-71.2107602,19.4188604],[-71.2107804,19.4187094],[-71.2107752,19.4185701],[-71.2107239,19.4183037],[-71.2106701,19.4181124],[-71.2105715,19.417882],[-71.2104126,19.4176811],[-71.2099242,19.4172534],[-71.2091859,19.4166853],[-71.2078305,19.4157577],[-71.2072809,19.4153288],[-71.2074171,19.4151461],[-71.2075913,19.4149124],[-71.2085194,19.4141934],[-71.2087584,19.4138591],[-71.2088965,19.4136293],[-71.2087315,19.4129832],[-71.2090461,19.4127594],[-71.2093379,19.4125441],[-71.2095447,19.4121139],[-71.2096921,19.4116492],[-71.2100739,19.411504],[-71.2104304,19.4114125],[-71.2107039,19.4113736],[-71.2125049,19.4105975],[-71.2138999,19.4107514],[-71.2144855,19.4105669],[-71.2146127,19.4099974],[-71.2151571,19.4091135],[-71.2173286,19.4074187],[-71.2178666,19.4071201],[-71.2185484,19.4066169],[-71.2187905,19.4061462],[-71.218625,19.4054278],[-71.2185111,19.4048318],[-71.2185401,19.4047258],[-71.2186091,19.4044739],[-71.2186152,19.4044475],[-71.2186484,19.4043471],[-71.2186732,19.4042786],[-71.2186839,19.4042505],[-71.2187763,19.404006],[-71.2189271,19.4035729],[-71.2190595,19.4031926],[-71.2191354,19.4030075],[-71.2191925,19.4028681],[-71.2192106,19.4028268],[-71.2192267,19.4027848],[-71.2192313,19.4027716],[-71.2192484,19.4027163],[-71.2192622,19.4026601],[-71.2192726,19.4026032],[-71.219305,19.4025393],[-71.2193059,19.402481],[-71.2193205,19.4024442],[-71.2193229,19.4024194],[-71.2193255,19.4023798],[-71.2194218,19.4020388],[-71.2195471,19.4016964],[-71.2196737,19.4013561],[-71.2198011,19.4010136],[-71.2199298,19.4006733],[-71.2200602,19.400333],[-71.2201921,19.399995],[-71.2203261,19.3996546],[-71.2204644,19.3993188],[-71.2206064,19.3989829],[-71.2207512,19.3986469],[-71.2208981,19.3983132],[-71.2210458,19.3979795],[-71.2210551,19.3979585],[-71.2214387,19.3980445],[-71.2220927,19.3981603],[-71.2225717,19.3981958],[-71.2230495,19.3981486],[-71.2236555,19.3979349],[-71.2242158,19.3975565],[-71.2245169,19.3973052],[-71.2247899,19.3969458],[-71.2251288,19.3959379],[-71.2252714,19.3953148],[-71.2251138,19.3948388],[-71.2250856,19.3948225],[-71.2248424,19.3946823],[-71.2247355,19.3946207],[-71.2247068,19.394534],[-71.2246707,19.394425],[-71.2246911,19.3942275],[-71.2250162,19.3940579],[-71.2251249,19.3939165],[-71.2252957,19.3936666],[-71.2253069,19.3936501],[-71.2251058,19.3924471],[-71.2252687,19.3922486],[-71.2255778,19.3919175],[-71.2257204,19.3912944],[-71.2255053,19.3902933],[-71.2255871,19.3890804],[-71.2255886,19.3890573],[-71.2255891,19.3890495],[-71.2256089,19.3889819],[-71.2259261,19.3878983],[-71.2262384,19.3870758],[-71.2264283,19.3865941],[-71.2269818,19.3853624],[-71.2272517,19.3848541],[-71.2272938,19.3847748],[-71.2276728,19.3845025],[-71.2282414,19.384094],[-71.2288398,19.3836565],[-71.2288488,19.3836543],[-71.2289045,19.383545],[-71.2290651,19.3832111],[-71.2292127,19.3828706],[-71.2293436,19.3825236],[-71.2294643,19.3821721],[-71.2295839,19.3818229],[-71.22971,19.3814736],[-71.2298463,19.3811265],[-71.2299861,19.3807815],[-71.2301349,19.380441],[-71.2302981,19.3801071],[-71.2305075,19.379802],[-71.2307391,19.3795331],[-71.2307552,19.3795144],[-71.2308545,19.3791609],[-71.230946,19.3788053],[-71.2310573,19.3784562],[-71.2312149,19.3781291],[-71.2313988,19.3778108],[-71.2315902,19.3774923],[-71.2317905,19.3771782],[-71.232001,19.3768686],[-71.2322242,19.37657],[-71.2324606,19.3762849],[-71.2327124,19.3760154],[-71.2328258,19.3759093],[-71.2329814,19.3757637],[-71.2332683,19.3755163],[-71.2335709,19.3752823],[-71.2338864,19.3750616],[-71.2342125,19.3748589],[-71.2345464,19.3746764],[-71.234886,19.3745165],[-71.2352325,19.374388],[-71.2356057,19.3743021],[-71.2359974,19.3742612],[-71.2366179,19.3742671],[-71.2369951,19.3743122],[-71.2373936,19.3744427],[-71.2377222,19.3746397],[-71.2380481,19.3748524],[-71.2383845,19.3750312],[-71.238725,19.3752008],[-71.2390689,19.3753614],[-71.2394206,19.3755039],[-71.2397829,19.3756168],[-71.2401532,19.3757071],[-71.2405281,19.3757838],[-71.2409045,19.3758559],[-71.2412791,19.3759348],[-71.2416967,19.3758529],[-71.2421137,19.3757665],[-71.242531,19.3756823],[-71.2429492,19.3756026],[-71.2433684,19.3755275],[-71.243802,19.3754386],[-71.2441727,19.3753572],[-71.2446068,19.3752864],[-71.2450672,19.3752875],[-71.2451365,19.3753454],[-71.2450459,19.3755229],[-71.2451022,19.3759524],[-71.2455599,19.3762813],[-71.2456023,19.3762469],[-71.2461576,19.375796],[-71.2463551,19.3755068],[-71.24716,19.375449],[-71.2473667,19.3758288],[-71.2472745,19.3764513],[-71.2468783,19.3769342],[-71.24648,19.3772737],[-71.2463878,19.3778962],[-71.2463986,19.3780024],[-71.2464455,19.3780478],[-71.2467304,19.378242],[-71.2468033,19.3782917],[-71.2471696,19.3784091],[-71.2475755,19.378298],[-71.2479276,19.3781446],[-71.2482705,19.3779259],[-71.2485698,19.3776761],[-71.2488777,19.3774194],[-71.2491853,19.3771627],[-71.2494932,19.3769082],[-71.249784,19.3766653],[-71.2500833,19.3764155],[-71.2502625,19.3760994],[-71.2503347,19.3758354],[-71.2499895,19.3755899],[-71.2498087,19.3751767],[-71.2502324,19.3748689],[-71.2504278,19.374814],[-71.2505506,19.3748306],[-71.2507706,19.3748602],[-71.251162,19.3748554],[-71.251427,19.3747629],[-71.2516602,19.3746411],[-71.2519706,19.3744292],[-71.2520944,19.3743236],[-71.252311,19.3741277],[-71.252433,19.3738884],[-71.2525409,19.3737682],[-71.2525535,19.3735451],[-71.2526465,19.3734696],[-71.2527557,19.3734385],[-71.2528031,19.3734379],[-71.2528809,19.373437],[-71.2531323,19.3734933],[-71.2532759,19.3736847],[-71.2533725,19.3738768],[-71.2533735,19.3738797],[-71.2534541,19.3741136],[-71.2536298,19.3743641],[-71.2538032,19.3744511],[-71.254102,19.3745366],[-71.2544308,19.3745325],[-71.25454,19.3745014],[-71.2546169,19.3743964],[-71.2548164,19.3740967],[-71.2547041,19.3739049],[-71.2545908,19.3736387],[-71.2545399,19.373357],[-71.2546007,19.3732224],[-71.2546461,19.373103],[-71.2547388,19.3730126],[-71.2549413,19.3729358],[-71.2552075,19.3729325],[-71.2554589,19.3729888],[-71.2557411,19.3730151],[-71.2559604,19.3730124],[-71.256008,19.372989],[-71.2561781,19.3729056],[-71.2563321,19.3727105],[-71.2565313,19.3723959],[-71.2565742,19.3720981],[-71.2565645,19.3719042],[-71.2565526,19.3716673],[-71.2565036,19.3715193],[-71.2565005,19.3712964],[-71.256482,19.3710886],[-71.2564,19.3710355],[-71.2561719,19.3708301],[-71.2557363,19.3705397],[-71.2556136,19.3703364],[-71.2555117,19.3699052],[-71.2553877,19.3696109],[-71.2551184,19.3692046],[-71.2546815,19.3688231],[-71.254513,19.3687797],[-71.2541013,19.3684889],[-71.2539556,19.3683542],[-71.2539269,19.3680131],[-71.2538746,19.3676952],[-71.2538702,19.3673766],[-71.253793,19.3669906],[-71.2537173,19.3667185],[-71.2534479,19.3663122],[-71.253159,19.3660873],[-71.2529874,19.3659537],[-71.2525978,19.3655261],[-71.2522994,19.3653527],[-71.2517837,19.3652226],[-71.2513612,19.3648832],[-71.2517219,19.3646039],[-71.2532727,19.3635029],[-71.2537328,19.3629972],[-71.2538427,19.3628298],[-71.2539681,19.3626419],[-71.2541672,19.3622937],[-71.2543092,19.3621967],[-71.2544403,19.3618248],[-71.2546028,19.3615044],[-71.254789,19.3611882],[-71.2549809,19.360872],[-71.2551525,19.3605425],[-71.2554041,19.3602661],[-71.2556574,19.3599582],[-71.2559101,19.359648],[-71.2561508,19.3593582],[-71.2564122,19.3590569],[-71.2566839,19.3587668],[-71.2569691,19.3584878],[-71.2572846,19.3582061],[-71.2575766,19.3579654],[-71.2578928,19.3577154],[-71.2581956,19.3574836],[-71.2585179,19.3572402],[-71.2588213,19.3570084],[-71.259139,19.3567606],[-71.2592936,19.3563652],[-71.2605138,19.3532437],[-71.2608447,19.352508],[-71.2625973,19.3486113],[-71.2626768,19.3484345],[-71.2631825,19.34742],[-71.2639045,19.3459717],[-71.2649953,19.3437837],[-71.2654834,19.3424635],[-71.2695143,19.3332754],[-71.2703813,19.3320276],[-71.2713343,19.3306561],[-71.2714079,19.33026],[-71.2714539,19.3298598],[-71.2714999,19.3294618],[-71.2715461,19.3290638],[-71.2715924,19.3286636],[-71.2716396,19.3282656],[-71.2716876,19.3278654],[-71.2717366,19.3274674],[-71.271787,19.3270671],[-71.2718423,19.326669],[-71.2719023,19.3262731],[-71.271964,19.3258749],[-71.2720239,19.3254768],[-71.2720793,19.325081],[-71.2721359,19.3246829],[-71.2721936,19.3242847],[-71.2722496,19.3238866],[-71.2723011,19.3234863],[-71.2723453,19.3230884],[-71.2723791,19.3226883],[-71.2724084,19.3222883],[-71.2724395,19.3218837],[-71.2724659,19.321477],[-71.2724805,19.3210726]]]}}]}